Model Name,RAM,ROM,CPU,OS,Price
Samsung Galaxy C7,4GB RAM,32/64GB built-in,2.0 GHz Octa-Core Cortex-A53,"Android OS, v6.0.1 (Marshmallow)","32,800/-"
Samsung Galaxy Grand Prime Plus,1.5GB RAM,8GB built-in,1.4 GHz Quad-Core Cortex-A53,Android OS 6.0.1 (Marshmallow),"17,700/-"
Samsung Galaxy Grand Prime,1GB RAM,8GB built-in,1.2 GHz Quad-core Cortex-A53,"Android OS, v4.4.2 (KitKat)","16,999/-"
Samsung Galaxy Grand Prime Pro,1.5GB RAM,16GB Built-in,1.4 Ghz Quad Core Cortex-A53,Android v7.1.1 Nougat,"16,999/-"
Samsung Galaxy J2,1GB RAM,8GB built-in,1.3 GHz Quad-Core Cortex-A7,"Android OS, v5.1.1 (Lollipop)","15,300/-"
Samsung Galaxy A7 2017,3GB RAM,32GB built-in,1.9 GHZ Octa-Core Cortex-A53,"Android OS, v6.0.1 (Marshmallow)",N/A/-
Samsung Galaxy A3 2017,"2GB RAM
Single SIM- microSD card (supports up to 256GB) (dedicated slot)",16GB built-in,1.6 GHz Octa-core Cortex-A53,"Android OS, v6.0.1 (Marshmallow)",N/A/-
Samsung Galaxy A3,1GB RAM,16GB built-in,1.2 GHz Quad-Core Cortex-A53,"Android OS, v4.4.4 (KitKat)",Discontinued/-
Samsung Galaxy S6,3GB RAM,32/64/128GB built-in,1.5 Quad-Core GHz Cortex-A53,"Android OS, v5.0 (Lollipop)",Discontinued/-
Samsung Galaxy A7,2GB RAM,16GB built-in,1.5 GHz Quad-core Cortex-A53,"Android OS, v4.4.4 (KitKat)",Discontinued/-
Samsung Galaxy S6 Edge,3GB RAM,32/64/128GB built-in,1.5 GHz Quad-Core Cortex-A53 + 2.1 GHz Quad-Core Cortex-A57,"Android OS, v5.0.2 (Lollipop)",Discontinued/-
Samsung Galaxy A3 2016,1.5GB RAM,16GB built-in,1.5 GHz Quad-core Cortex-A53,"Android OS, v5.1.1 (Lollipop)",Discontinued/-
Samsung Galaxy Grand Prime Pro,1.5GB RAM,16GB Built-in,1.4 Ghz Quad Core Cortex-A53,Android v7.1.1 Nougat,"16,999/-"
Samsung Galaxy Grand Prime Pro,1.5GB RAM,16GB Built-in,1.4 Ghz Quad Core Cortex-A53,Android v7.1.1 Nougat,"16,999/-"
Samsung Galaxy Grand Prime Pro,1.5GB RAM,16GB Built-in,1.4 Ghz Quad Core Cortex-A53,Android v7.1.1 Nougat,"16,999/-"
Oppo A57,3GB RAM MicroSD card (support up to 256GB) (uses SIM 2 slot),32GB built-in,1.4 GHz Octa-Core Cortex-A53,"Android OS, v6.0 (Marshmallow)","22,899/-"
Oppo A37,2GB RAM,16GB built-in,1.2 GHz Quad-Core Cortex-A53,Android 5.1.1 (Lollipop),"17,999/-"
Oppo Neo 5,1 GB RAM,4GB built-in,1.2 GHz Quad-Core Cortex-A7,"Android OS, v4.3 (Jelly Bean)",Discontinued/-
Oppo F1 Plus,4GB RAM,64GB built-in,2.0 GHz Octa-Core Cortex-A53,"Android OS, v5.1 (Lollipop)",Discontinued/-
Oppo F1s 4GB,4GB RAM,64GB built-in,1.5 GHz Octa-core Cortex-A53,"Android OS, v5.0 (Lollipop)",Discontinued/-
Nokia 2,1GB RAM,8GB built-in,1.3 GHz Quad-Core Cortex-A7,Android 7.1.1 (Nougat) upgradable to Android 8.1 (Oreo),"11,920/-"
Xiaomi Mi Max,3GB RAM,32GB built-in,1.4 GHz Quad-Core Cortex-A53,"Android OS, v6.0 (Marshmallow)","24,000/-"
Xiaomi Redmi Note 4,3GB RAM,32GB built-in,2.0 GHz Octa-Core Cortex-A53,"Android OS, v6.0 (Marshmallow)","18,999/-"
Xiaomi Redmi 4A,2GB RAM MicroSD card,16GB built-in,1.4 GHZ Quad-Core                                             ,Android Os 6.0 (Marshmallow),"14,500/-"
Infinix Note 3 Pro,3GB RAM,16GB built-in,1.3 GHZ Octa-Core,Androis OS v6.0 (Marshmallow),"19,499/-"
Infinix Zero 4,3GB RAM,32GB built-in,Octa-core,Android OS V6.0 (Marshmallow) + XOS,"19,499/-"
Infinix Note 3,2GB RAM,16GB built-in,1.3 GHZ Octa-Core,Androis OS v6.0 (Marshmallow),"17,999/-"
Infinix Zero 2,2GB RAM,16GB built-in,2.0 GHz Octa-Core Cortex-A53,Android v 4.4.2 (Kitkat),"17,800/-"
Infinix Zero 3,3GB RAM,16GB built-in,"2.0 GHz Octa-Core
GPU: PowerVR Series6                                             ",Android V5.1 (Lollipop),"15,999/-"
Infinix Hot Note Pro,2GB RAM,16GB built-in,1.4 GHZ Octa-Core                                             ,Android v5.1 (Lollipop),"14,300/-"
Infinix Hot 4,2GB RAM,16GB built-in,"1.3 GHZ Quad-Core
GPU: MT6580                                             ",Android OS V6.0 (Marshmallow),"12,999/-"
Infinix Hot Note,1GB RAM,16GB built-in,1.4 GHZ Octa-Core                                             ,Android v5.1 (Lollipop),"12,600/-"
Apple iphone 6s,2GB RAM,16/64/128GB built-in,Apple A9                                             ,iOS 9,"54,500/-"
Apple iphone 6 Plus,1 GB RAM,16GB built-in,1.4 Dual-Core GHz Cyclone (ARM v8-based),iOS 8,"42,999/-"
Apple iphone 5S 16GB,1GB DDR3 RAM,16GB built-in, 1.3 GHz Quad-Core Cyclone (ARM v8-based),"iOS 7, upgradable to iOS 8.3","25,799/-"
Model Name,RAM,ROM,CPU,OS,Price
Samsung Galaxy S10 Plus 512GB,8GB RAM,512GB Built-in,Octa-core (2 x 2.7 GHz Mongoose M4 + 2 x 2.3 GHz Cortex-A75 + 4 x 1.9 GHz Cortex-A55),Android 9.0 (Pie),"219,999"
Samsung Galaxy Note 9 512GB,8GB RAM,512GB Built-in,Octa-core (4 x 2.7 GHz Mongoose M3 + 4 x 1.8 GHz Cortex-A55),Android V8.1 Oreo,"170,000"
Samsung Galaxy S10 Plus,8GB RAM,128GB Built-in,Octa-core (2 x 2.7 GHz Mongoose M4 + 2 x 2.3 GHz Cortex-A75 + 4 x 1.9 GHz Cortex-A55),Android 9.0 (Pie),"159,999"
Samsung Galaxy Note 9,6 GB RAM,128 GB Built-in,Octa-core (4 x 2.7 GHz Mongoose M3 + 4 x 1.8 GHz Cortex-A55),Android V8.1 Oreo,"139,999"
Samsung Galaxy S10,8GB RAM,128GB Built-in,Octa-core (2 x 2.7 GHz Mongoose M4 + 2 x 2.3 GHz Cortex-A75 + 4 x 1.9 GHz Cortex-A55),Android 9.0 (Pie),"139,999"
Samsung Galaxy S9 Plus 128GB,6GB RAM,128GB Built-in,Octa-core (4 x 2.7 GHz Mongoose M3 + 4 x 1.8 GHz Cortex-A55),Android V8.0 Oreo,"111,999"
Samsung Galaxy S9 Plus,6GB RAM,64GB Built-in,Octa-core (4 x 2.8 GHz Mongoose M3 + 4 x 1.7 GHz Cortex-A55),Android V8.0 Oreo,"110,999"
Samsung Galaxy S9,4GB RAM,64GB Built-in,Octa-core (4 x 2.8 GHz Mongoose M3 + 4 x 1.7 GHz Cortex-A55),Android V8.0 Oreo,"91,000"
Samsung Galaxy Note 8,6GB RAM,64/128/256GB built-in,Octa-core (4 x 2.3 GHz + 4 x 1.7 GHz),Android v7.1.1 Nougat,"89,999"
Samsung Galaxy S8 Plus,4GB RAM,64GB built-in,Octa-core (4 x 2.3 GHz + 4 x 1.7 GHz),"Android OS, v7.0 (Nougat)","84,999"
Samsung Galaxy S8,4GB RAM,64GB built-in,Octa-core (4 x 2.3 GHz + 4 x 1.7 GHz),"Android OS, v7.0 (Nougat)","79,999"
Samsung Galaxy A9 2018,16M colors,Super AMOLED capacitive touchscreen,SIM1: GSM 850 / 900 / 1800 / 1900SIM2: GSM 850 / 900 / 1800 / 1900,"79,999/-","79,999"
Samsung Galaxy A70,6GB RAM,128GB Built-in,Octa-core (2 x 2.0 GHz Kryo 460 Gold + 6 x 1.7 GHz Kryo 460 Silver),Android 9.0 (Pie),"67,999"
Samsung Galaxy A8 Plus 2018,autofocus,16 MP,"Super Amoled Capacitive  Touchscreen, 16M Colors, Multitouch",Android v7.1.1 Nougat,"63,999"
Samsung Galaxy A50,4GB RAM,128GB Built-in,Octa-core (4 x 2.3GHz cortex A-73+ 4 x 1.7GHz Cortex-A53),Android 9.0 (Pie),"54,999"
Samsung Galaxy A7 2018,4GB RAM,128GB Built-in,Octa-core (2 x 2.2 GHz Cortex-A73 + 6 x 1.6 GHz Cortex-A53),"Android 8.0 (Oreo), upgradable to Android 9.0 (Pie)","49,999"
Samsung Galaxy A6 Plus 2018,4GB RAM,64GB Built-in,1.8 Ghz Octa Core Cortex A-53,Android V8.0 Oreo,"49,999"
Samsung Galaxy A6,3GB RAM or 64GB Built-in,32GB Built-in,1.6 Ghz Octa Core Cortex-A53,Android V8.0 Oreo,"42,899"
Samsung Galaxy J8 2018,4GB RAM,64GB Built-in,1.8 Ghz Octa Core Cortex-A53,Android V8.0 Oreo,"40,999"
Samsung Galaxy A30,4GB RAM,64GB Built-in,Octa-core (2 x 1.8 GHz Kryo 260 Gold + 6 x 1.6 GHz Kryo 260 Silver),Android 9.0 (Pie),"40,999"
Samsung Galaxy J7 Pro,3GB RAM,16GB Built-in,1.6 Ghz Octa Core Cortex-A53,Android v7.1.1 Nougat,"34,999"
Samsung Galaxy J7 Pro 64GB,3GB RAM,64GB Built-in,1.6 Ghz Octa Core Cortex-A53,Android v7.1.1 Nougat,"34,500"
Samsung Galaxy J7 Max,4GB RAM,32GB Built-in,2.4 Ghz Octa Core Cortex-A53,Android v7.0 Nougat,"32,499"
Samsung Galaxy A20,3GB RAM,32GB Built-in,1.6Ghz (Dual 1.6 GHz + Hexa 1.35 GHz),Android 9.0 (Pie),"31,499"
Samsung Galaxy J6 Plus,3GB RAM,32GB Built-in,1.4 GHz Quad Core Cortex-A53,Android V8.1 Oreo,"30,999"
Samsung Galaxy J5 Pro,2GB RAM,16GB Built-in,1.6 Ghz Octa Core cortex-A53,Android v7.1 Nougat,"29,999"
Samsung Galaxy J7 Prime,3GB RAM,16GB built-in,1.6 Ghz Octa Core Cortex-A53,Android OS V6.0.1 (Marshmallow),"28,999"
Samsung Galaxy J7 Pro 32GB,3GB RAM,32GB Built-in,1.6 Ghz Octa Core Cortex-A53,Android v7.1.1 Nougat,"28,999"
Samsung Galaxy J6,16M Colors,Super Amoled Capacitive Touchscreen,SIM1: GSM 850 / 900 / 1800 / 1900SIM2: GSM 850 / 900 / 1800 / 1900,"27,999/-","27,999"
Samsung Galaxy J4 Plus,2 GB RAM,16 GB Built-in,Quad core 1.4 GHz Cortex A53,Android V8.1 Oreo,"23,499"
Samsung Galaxy A10,2GB RAM,32GB Built-in,Octa-core (2 x 1.6 GHz + 6 x 1.35 GHz),Android 9.0 (Pie),"23,499"
Samsung Galaxy J7 Core 3GB,3GB RAM,32GB Built-in,1.6 Ghz Octa Core,Android v7.0 Nougat,"22,999"
Samsung Galaxy J4,2GB RAM,16GB Built-in,1.4 Ghz Quad Core Cortex-A53,Android V8.0 Oreo,"19,999"
Samsung Galaxy J7 Core,2GB RAM,16GB Built-in,1.6 Ghz Octa Core,Android v7.0 Nougat,"18,999"
Samsung Galaxy J4 Core,1GB RAM,16GB Built-in,Quad core 1.4 GHz Cortex A53,Android 8.1 Oreo (Go edition),"18,499"
Samsung Galaxy J2 Core,1GB RAM,8GB Built-in,1.4 Ghz Octa Core Cortex-A53,Android V8.1 Oreo (Go edition),"16,799"
Samsung Galaxy J2 Prime,1.5GB RAM,8GB built-in,1.4 GHz Quad-Core Cortex-A53,"Android OS, v6.0 (Marshmallow)","15,999"
Samsung Galaxy J1 2016,1GB RAM,8GB built-in,1.3 GHz Quad-Core Cortex-A7,Android 5.1.1 (Lollipop),"14,999"
Samsung Galaxy A2 Core,1GB RAM,8GB Built-in,1.6 Ghz Octa Core Cortex-A53,Android 9 (Pie); Go edition,"14,999"
Samsung Galaxy A5 2017,16M colors,Super AMOLED capacitive touchscreen,SIM1: GSM 850 / 900 / 1800 / 1900SIM2: GSM 850 / 900 / 1800 / 1900,N/A/-,N/A
Samsung Galaxy J5 2017 Price & Specs,2GB RAM,16GB Built-in,1.6 Ghz Octa Core Cortex-A53,Android v7.0 Nougat,N/A
Samsung Galaxy Core 2 Price & Specs,2592 x 1944 pixels,5MP,"TFT capacitive touchscreen, 16M colors, Multitouch","Android OS, v4.4.2 (KitKat)",Discontinued
Samsung Galaxy Note Edge Price & Specs,3GB RAM,32/64GB built-in,2.7 Ghz Quad Core krait 450,"Android OS, v4.4.4 (KitKat), upgradable to v6.0 (Marshmallow)",Discontinued
Samsung Galaxy Core Prime Price & Specs,1GB RAM,8GB built-in,1.2 GHz Quad-Core Cortex-A53,"Android OS, v4.4.2 (KitKat)",Discontinued
Samsung Galaxy Grand Max Price & Specs,1.5GB RAM,16GB built-in,1.2 GHz Quad-Core Cortex-A53,"Android OS, v4.4.4 (KitKat)",Discontinued
Samsung Galaxy S6 Edge Plus Price & Specs,4GB RAM,32/64GB built-in,Octa-core (4 x 2.1 GHz Cortex-A57 + 4 x 1.5 GHz Cortex-A53),"Android OS, v5.1.1 (Lollipop)",Discontinued
Samsung Galaxy A8 2016 Price & Specs,3GB RAM,32GB built-in,"Octa-core (4 x 2.1 GHz Cortex-A57 & 4 x 1.5 GHz Cortex-A53),","Android OS, v5.1 (Lollipop)",Discontinued
Samsung Galaxy Grand Prime 2016 Price & Specs,3264 x 2448 pixels,8MP,"TFT capacitive touchscreen, 16M colors, Multitouch",Android OS 6.0.1 (Marshmallow),Discontinued
Samsung Galaxy J7 2017 Price & Specs,3GB RAM,16GB Built-in,1.6 Ghz Octa Core Cortex-A53,Android v7.0 Nougat,Discontinued
Samsung Galaxy J3 2017 Price & Specs,2GB RAM,16GB Built-in,1.4 Ghz Quad Core cortex-A53,Android v7.0 Nougat,Discontinued
Samsung Galaxy J2 2017 Price & Specs,autofocus,5 MP,"IPS LCD capacitive touchscreen, 16M colors, Multitouch",Android v7.0 Nougat,Discontinued
Samsung Galaxy A8 2018 Price & Specs,4GB RAM,64GB Built-in,Octa-core (2 x 2.2 GHz Cortex-A73 + 6 x 1.6 GHz Cortex-A53),Android v7.1.1 Nougat,Discontinued
Huawei P30 Pro,8GB RAM,256GB Built-in,Octa-core (2 x 2.6 GHz Cortex-A76 + 2 x 1.92 GHz Cortex-A76 + 4 x 1.8 GHz Cortex-A55),Android 9.0 (Pie),"174,999"
Huawei Mate 20 Pro,6GB RAM,128GB Built-in,Octa-core (2 x 2.6 GHz Cortex-A76 + 2 x 1.92 GHz Cortex-A76 + 4 x 1.8 GHz Cortex-A55),Android 9.0 (Pie),"149,999"
Huawei P30,6GB RAM or 64/128/256GB Built-in,128GB Built-in,Octa-core (2 x 2.6 GHz Cortex-A76 + 2 x 1.92 GHz Cortex-A76 + 4 x 1.8 GHz Cortex-A55),Android 9.0 (Pie),"124,999"
Huawei P20 Pro,6GB RAM,128GB Built-in,Octa-core (4 x 2.4 GHz Cortex-A73 + 4 x 1.8 GHz Cortex-A53),Android V8.0 Oreo,"99,999"
Huawei Mate 10 Pro,4/6GB RAM,64/128GB Built-in,Octa-core (4 x 2.4 GHz Cortex-A73 + 4 x 1.8 GHz Cortex-A53),Android v8.0,"74,999"
Huawei Nova 3,4GB RAM,128GB Built-in,Octa-core (4 x 2.4 GHz Cortex-A73 + 4 x 1.8 GHz Cortex-A53),Android V8.1 Oreo,"59,999"
Honor 9,6GB RAM,128GB Built-in,Octa-core (4 x 2.4 GHz Cortex-A73 + 4 x 1.8 GHz Cortex-A53),Android OS V7.0 (Nougat),"56,999"
Huawei Honor 7,3GB RAM,16GB/64GB built-in,Octa core (4 x 2.2 GHz Cortex A53 + 4 x 1.5 GHz Cortex A53),"Android OS, v5.0 (Lollipop), upgradable to 6.0 (Marshmallow)","40,000"
Huawei P30 Lite,4GB RAM,128GB Built-in,Octa-core (4 x 2.2 GHz Cortex-A73 + 4 x 1.7 GHz Cortex-A53),Android 9.0 (Pie),"39,999"
Huawei Nova 3i,4GB RAM,128GB Built-in,Octa-core (4 x 2.2 GHz Cortex-A73 + 4 x 1.7 GHz Cortex-A53),Android V8.1 Oreo,"36,999"
Huawei Y9 2019,4GB RAM,64GB Built-in,Octa-core (4 x 2.2 GHz Cortex-A73 + 4 x 1.7 GHz Cortex-A53),Android V8.1 Oreo,"35,999"
Huawei P20 Lite,4GB RAM,64/128GB Built-in,Octa-core (4 x 2.36 GHz Cortex-A53 + 4 x 1.7 GHz Cortex-A53),Android V8.0 Oreo,"34,999"
Huawei Y9 Prime 2019,4GB RAM,128GB Built-in,Octa-core (4 x 2.2 GHz Cortex-A73 + 4 x 1.7 GHz Cortex-A53),Android 9.0 (Pie),"33,999"
Huawei P10 Lite,4GB RAM,32GB built-in,Octa-core (4 x 2.1 GHz Cortex-A53 + 4 x 1.7 GHz Cortex-A53),"Android OS, v7.0 (Nougat)","31,999"
Huawei ShotX,3GB RAM,32GB built-in,Octa core (4 x 1.7 GHz Cortex A53 + 4 x 1.2 GHz Cortex A53),"Android OS, v5.1 (Lollipop)","30,000"
Huawei MediaPad T3 10,2/3GB RAM,16/32GB Built-in,1.4 Ghz Quad-Core Cortex-A53,Android v7.0 Nougat,"28,699"
Huawei Y9 2018,3GB RAM,32GB Built-in,Octa-core (4 x 2.36 GHz Cortex-A53 + 4 x 1.7 GHz Cortex-A53),Android V8.0 Oreo,"27,499"
Huawei Y7 Prime 2018,3GB RAM,32GB Built-in,1.4 GHz Octa Core Cortex-A53,Android V8.0 Oreo,"27,499"
Honor 9 Lite,3GB RAM,32GB Built-in,2.36 GHz Octa (4 x 2.36 GHz Core Cortex-A53 & 4 x 1.7 GHz Core Cortex-A53),Android V8.0 Oreo,"26,999"
Huawei Y7 Prime 2019,3GB RAM,32GB Built-in,1.8 Ghz Octa Core Cortex-A53,Android V8.1 Oreo,"26,999"
Honor 7X,3GB RAM,32GB Built-in,Octa-core (4 x 2.36 GHz Cortex-A53 + 4 x 1.7 GHz Cortex-A53),Android v7.0 Nougat,"25,999"
Honor 7C,3GB RAM or 64GB Built-in,32GB Built-in,1.8 GHz Octa-Core Cortex-A53,Android V8.0 Oreo,"24,999"
Huawei P Smart,3GB RAM,32GB Built-in,Octa-core (4 x 2.36 GHz Cortex-A53 + 4 x 1.7 GHz Cortex-A53),Android V8.0 Oreo,"23,999"
Huawei Y7 Prime,3GB RAM,32GB Built-in,1.4Ghz Octa Core Cortex-A53,Android v7.0 Nougat,"22,999"
Huawei Y6 Prime 2019,2GB RAM,32GB Built-in,1.4 Ghz Quad Core Cortex-A53,Android 9.0 (Pie),"21,499"
Huawei Y5 2019,2GB RAM,16/32GB Built-in,2.0 Ghz Quad Core Cortex-A53,Android 9.0 (Pie),"19,999"
Huawei Y6 LTE,1GB/2GB RAM,8GB built-in,1.1 GHZ Quad core Cortex A7,Android v5.1.1 (Lollipop),"19,500"
Huawei Y6II,2GB RAM,16GB built-in,1.2 GHz Octa Core Cortex A53,"Android OS, v6.0 (Marshmallow)","18,999"
Huawei Y6 Prime 2018,2GB RAM,16GB Built-in,1.4 Ghz Octa Core,Android V8.0 Oreo,"18,999"
Huawei Y5 Prime 2018,2GB RAM,16GB Built-in,1.3 Ghz Quad Core Cortex-A53,Android 8.1 Oreo (Go edition),"18,499"
Huawei MediaPad T3 7,1/2GB RAM,8/16GB Built-in,1.3 Ghz Quad-Core,Android v6.0 Marshmallow,"16,700"
Huawei Y5 Lite,1GB RAM,16GB Built-in,1.5 Ghz Quad Core Cortex-A53,Android V8.1 Oreo ; (Android Oreo Go edition),"15,500"
Huawei Y6 Pro 3G,2GB RAM,16GB built-in,1.3 GHz Quad Core Cortex A53,Android V5.1 (Lollipop),"14,999"
Huawei Y3 2017 3G,1GB RAM,8GB Built-in,1.3 Ghz Quad Core Cortex-A7,Android v6.0 Marshmallow,"13,900"
Huawei Y5II,1GB RAM,8GB built-in,1.3 GHz Quad-Core Cortex-A7,"Android OS, v5.1 (Lollipop)","11,999"
Huawei Y3II,1GB RAM,8GB built-in,1.3 GHz Quad-Core Cortex-A7,"Android OS, v5.1 (Lollipop)","9,799"
Huawei P10,4GB RAM,32/64GB built-in,Octa-core (4x 2.4 GHz Cortex-A73 + 4 x 1.8 GHz Cortex-A53),"Android OS, V7.0 (Nougat)",N/A
Huawei P10 Plus,6/8GB RAM,128/256GB built-in,Octa-core (4 x 2.4 GHz Cortex-A73 + 4 x 1.8 GHz Cortex-A53),"Android OS, V7.0 (Nougat)",N/A
Huawei Mate 10,4GB RAM,64GB Built-in,Octa-core (4 x 2.4 GHz Cortex-A73 + 4 x 1.8 GHz Cortex-A53),Android v8.0,N/A
Huawei Honor 3C Price & Specs,2GB RAM,8GB built-in,1.3 GHz Quad Core Cortex A7,"Android OS, v4.2.2 (Jelly Bean)",Discontinued
Huawei P8 Price & Specs,3GB RAM,32GB/64GB built-in,Octa core (4 x 2.0 GHz Cortex A53 + 4 x 1.5 GHz Cortex A53),"Android OS, v5.0.2 (Lollipop)",Discontinued
Huawei Ascend Mate 8 Price & Specs,3/4GB RAM,32/64GB Built-in,"2.3 GHz Quad-Core Cortex A72, 1.8 GHz Quad-Core Cortex-A53","Android OS, v6.0 (Marshmallow), upgradable to 7.0 (Nougat)",Discontinued
Huawei P8 Dual SIM Price & Specs,3GB RAM,16/64GB built-in,Octa-core (4 x 2.0 GHz Cortex-A53 + 4 x 1.5 GHz Cortex-A53),"Android OS, v5.0.2 (Lollipop), planned upgrade to 6.0 (Marshmallow)",Discontinued
Huawei P9 Price & Specs,3/4GB RAM,32/64GB built-in,Octa-core (4 x 2.5 GHz Cortex-A72 + 4 x 1.8 GHz Cortex-A53),"Android 6.0 (Marshmallow), upgradable to 7.0 (Nougat)",Discontinued
Huawei Y5 2017,2GB RAM,16GB Built-in,1.4 Ghz Quad Core Cortex-A53,Android v6.0 Marshmallow,Discontinued
Huawei Y3 2017,1GB RAM,8GB Built-in,1.3 Ghz Quad Core Cortex-A7,Android v6.0 Marshmallow,Discontinued
Vivo V15 Pro,6GB RAM,128GB Built-in,Octa-core (2 x 2.0 GHz Kryo 460 Gold + 6 x 1.7 GHz Kryo 460 Silver),Android 9.0 (Pie),"59,999"
Vivo V11 Pro,6GB RAM,128GB Built-in,Octa-core (4 x 2.2 GHz Kryo 260 + 4 x 1.8 GHz Kryo 260),Android V8.1 Oreo,"53,999"
Vivo V15,6GB RAM,64GB Built-in,Octa-core (4 x 2.1 GHz Cortex-A73 + 4 x 2.0 GHz Cortex-A53),Android 9.0 (Pie),"45,999"
Vivo V11,4GB RAM,128GB Built-in,Octa-core (4 x 2.2 GHz Kryo 260 + 4 x 1.8 GHz Kryo 260),Android V8.1 Oreo,"43,999"
Vivo Y17,4GB RAM,128GB Built-in,Octa-core (4 x 2.3 GHz Cortex-A53 + 4 x 1.8 GHz Cortex-A53),Android 9.0 Pie,"36,999"
Vivo Y95,4GB RAM,64GB Built-in,Octa-core (2 x 1.95 GHz Cortex-A53 + 6 x 1.45 GHz Cortex A53),Android V8.1 Oreo,"31,999"
Vivo V9 Price in Pakistan and Specifications,4GB RAM,64GB Built-in,Octa core,Android V8.0 Oreo,"29,999"
Vivo Y15,4GB RAM,64GB Built-in,2.0 Ghz Octa Core Cortex-A53,Android 9.0 Pie,"29,999"
Vivo Y91,3GB RAM,64GB Built-in,Octa-core (2 x 1.95 GHz Cortex-A53 + 6 x 1.45 GHz Cortex A53),Android V8.1 Oreo,"26,999"
Vivo Y93,3GB RAM,32GB Built-in,Octa-core (2 x 1.95 GHz Cortex-A53 + 6 x 1.45 GHz Cortex A53),Android V8.1 Oreo,"24,999"
Vivo Y91c,2GB RAM,32GB Built-in,2.0 Ghz Octa Core,Android V8.1 Oreo,"18,999"
Vivo V9 Youth Price & Specs,4GB RAM,32GB Built-in,1.8 Ghz Octa Core Cortex-A53,Android v8.1 Oreo,N/A
Vivo Y53 Price & Specs,2GB RAM,16GB Built-in,1.4 GHz Quad Core,Android v6.0 Marshmallow,Discontinued
Vivo Y55s Price & Specs,3GB RAM,16GB Built-in,1.4 Ghz Quad Core Cortex-A53,Android v6.0 Marshmallow,Discontinued
Vivo V7 Price & Specs,4GB RAM,32GB Built-in,1.8 Ghz Octa Core,Android v7.1.2 Nougat,Discontinued
Vivo V7 Plus Price & Specs,4GB RAM,64GB Built-in,1.8 Ghz Octa Core Cortex-A53,Android v7.1.2 Nougat,Discontinued
Vivo Y69 Price & Specs,3GB RAM,32GB Built-in,1.5 Ghz Octa Core Cortex-A53,Android v7.0 Nougat,Discontinued
Vivo Y81 Price & Specs,3GB RAM,32GB Built-in,2.0 Ghz Octa Core Cortex A-53,Android V8.1 Oreo,Discontinued
Vivo Y81i Price & Specs,2GB RAM,16GB Built-in,2.0 Ghz Quad Core,Android V8.1 Oreo,Discontinued
Honor 10,4GB RAM,128GB Built-in,Octa-core (4 x 2.36 GHz Cortex-A73 + 4 x 1.8 GHz Cortex-A53),Android v8.1 Oreo,"59,999"
Honor 9,6GB RAM,128GB Built-in,Octa-core (4 x 2.4 GHz Cortex-A73 + 4 x 1.8 GHz Cortex-A53),Android OS V7.0 (Nougat),"56,999"
Honor Play,4GB RAM,64GB Built-in,Octa-core (4 x 2.4 GHz Cortex-A73 + 4 x 1.8 GHz Cortex-A53),Android V8.1 Oreo,"41,999"
Honor 8X,4GB RAM,128GB Built-in,Octa-core (4 x 2.2 GHz Cortex-A73 + 4 x 1.7 GHz Cortex-A53),Android V8.1 Oreo,"34,999"
Honor 7X 4GB,4GB RAM,64GB Built-in,Octa-core (4 x 2.36 GHz Cortex-A53 + 4 x 1.7 GHz Cortex-A53),Android v7.0 Nougat,"31,999"
Honor 10 Lite,3GB RAM,64GB Built-in,Octa-core (4 x 2.2 GHz Cortex-A73 + 4 x 1.7 GHz Cortex-A53),Android 9.0 (Pie),"28,499"
Honor 9 Lite,3GB RAM,32GB Built-in,2.36 GHz Octa (4 x 2.36 GHz Core Cortex-A53 & 4 x 1.7 GHz Core Cortex-A53),Android V8.0 Oreo,"26,999"
Honor 7X,3GB RAM,32GB Built-in,Octa-core (4 x 2.36 GHz Cortex-A53 + 4 x 1.7 GHz Cortex-A53),Android v7.0 Nougat,"25,999"
Honor 7C,3GB RAM or 64GB Built-in,32GB Built-in,1.8 GHz Octa-Core Cortex-A53,Android V8.0 Oreo,"24,999"
Honor 8C,3GB RAM,32/64GB Built-in,Octa-core (4 x 1.8 GHz Kryo 250 Gold + 4 x 1.8 GHz Kryo 250 Silver),Android V8.1 Oreo,"23,999"
Honor 5C Pro,3GB RAM,32GB Built-in,Octa Core (4 x 2.36 GHz Core Cortex-A53 & 4 x 1.7 GHz Core Cortex-A53),Android v7.0 Nougat,"18,999"
Honor 7A,2GB RAM,16GB Built-in,Octa-core (4 x 1.4 GHz Cortex-A53 + 4 x 1.1 GHz Cortex A53),Android V8.0 Oreo,"18,999"
Honor 8S,2GB RAM,32GB Built-in,2.0 Ghz Quad Core,Android 9.0 (Pie),"18,999"
Honor 7S,2GB RAM,16GB Built-in,Quad-Core (4 x 1.5 Ghz Quad Core Cortex-A53),Android V8.1 Oreo,"17,699"
Honor 8X 64GB Price & Specs,4GB RAM,64GB Built-in,Octa-core (4 x 2.2 GHz Cortex-A73 + 4 x 1.7 GHz Cortex-A53),Android V8.1 Oreo,Discontinued
Honor View 20,6/8GB RAM or 256GB Built-in,128GB Built-in,Octa-core (2 x 2.6 GHz Cortex-A76 + 2 x 1.92 GHz Cortex-A76 + 4 x 1.8 GHz Cortex-A55),Android 9.0 (Pie),Coming Soon
Honor 20 Pro,8GB RAM,256GB Built-in,Octa-core (2 x 2.6 GHz Cortex-A76 + 2 x 1.92 GHz Cortex-A76 + 4 x 1.8 GHz Cortex-A55),Android 9.0 (Pie),Coming Soon
Honor 9X Pro,8GB RAM,256GB Built-in,Octa-Core (2 x 2.7GHz A76 + 6 x 1.88GHz A55),Android 9.0 (Pie),Coming Soon
Honor 10i,4GB RAM,128GB Built-in,Octa-core (4 x 2.2 GHz Cortex-A73 + 4 x 1.7 GHz Cortex-A53),Android 9.0 (Pie),Coming Soon
Honor 9X,6GB RAM,128GB Built-in,2.2 Ghz Octa Core,Android 9.0 (Pie),Coming Soon
Honor 20 Lite,4GB RAM,128GB Built-in,Octa-core (4 x 2.2 GHz Cortex-A73 + 4 x 1.7 GHz Cortex-A53),Android 9.0 (Pie),Coming Soon
Oppo Find X,8GB RAM,256GB Built-in,Octa-core (4 x 2.8 GHz Kryo 385 Gold + 4 x 1.7 GHz Kryo 385 Silver),Android V8.1 Oreo,"129,999"
Oppo Reno 10X Zoom,8GB RAM,256GB Built-in,Octa-core (1 x 2.84 GHz Kryo 485 + 3 x 2.42 GHz Kryo 485 + 4 x 1.8 GHz Kryo 485),Android 9.0 (Pie),"109,999"
Oppo R17 Pro,6/8GB RAM,128GB Built-in,Octa-core (2 x 2.2 GHz 360 Gold + 6 x 1.7 GHz Kryo 360 Silver),Android V8.1 Oreo,"79,999"
Oppo Reno,8GB RAM,128GB Built-in,Octa-core (2 x 2.2 GHz Kryo 360 Gold + 6 x 1.7 GHz Kryo 360 Silver),Android 9.0 (Pie),"69,999"
Oppo F11 Pro,6GB RAM,128GB Built-in,Octa-core (4 x 2.1 GHz Cortex-A73 + 4 x 2.0 GHz Cortex-A53),Android Color OS 6,"54,999"
Oppo F7 128GB,6GB RAM,128GB Built-in,Octa-core (4 x 2.0 GHz Cortex-A73 + 4 x 2.0 GHz Cortex-A53),Android v8.0 Oreo,"50,000"
Oppo F9 6GB,6GB RAM,64GB Built-in,Octa-core (4 x 2.0 GHz Cortex-A73 + 4 x 2.0 GHz Cortex-A53),Android V8.1 Oreo,"49,999"
Realme 2 Pro,8GB RAM,128GB Built-in,Octa-core (4 x 2.0 GHz Kryo 260 + 4 x 1.8 GHz Kryo 260),Android V8.1 Oreo,"46,999"
Oppo F11 Pro 64GB,6GB RAM,64GB Built-in,Octa-core (4 x 2.1 GHz Cortex-A73 + 4 x 2.0 GHz Cortex-A53),Android Color OS 6,"45,999"
Oppo F11,4GB RAM or 128GB Built-in,64GB Built-in,Octa-core (4 x 2.1 GHz Cortex-A73 + 4 x 2.0 GHz Cortex-A53),Android ColorOS 6,"39,999"
Oppo F5 6GB,autofocus,16 MP,"IPS LCD Capacitive Touchscreen, 16M Colors, Multitouch",Android v7.0 Nougat,"39,899"
Oppo F9,4GB RAM,64GB Built-in,Octa-core (4 x 2.0 GHz Cortex-A73 + 4 x 2.0 GHz Cortex-A53),Android V8.1 Oreo,"36,999"
Oppo F7 Price in Pakistan and Specifications,4GB RAM,64GB Built-in,Octa-core (4 x 2.0 GHz Cortex-A73 + 4 x 2.0 GHz Cortex-A53),Android V8.0 Oreo,"33,000"
Oppo A7,4GB RAM,64GB Built-in,1.8 GHz Octa-Core Cortex-A53,Android V8.1 Oreo,"31,999"
Oppo A5,4GB RAM,32GB Built-in,1.8 Ghz Octa Core Cortex-A53,Android V8.1 Oreo,"29,999"
Oppo A5s 4GB,4GB RAM,64GB Built-in,Octa-core (4 x 2.3 GHz Cortex-A53 + 4 x 1.8 GHz Cortex-A53),Android V8.1 Oreo,"29,999"
Oppo F7 Youth,4GB RAM,64GB Built-in,Octa-core (4 x 2.0 GHz Cortex-A73 + 4 x 2.0 GHz Cortex-A53),Android V8.1 Oreo,"26,999"
Oppo A83 4GB,4GB RAM,64GB Built-in,2.5 Ghz Octa Core Cortex-A53,Android v7.1.1 Nougat,"25,999"
Oppo A3s 3GB,3GB RAM,32GB Built-in,1.8 Ghz Octa Core Cortex-A53,Android V8.1 Oreo,"24,999"
Oppo A5s,3GB RAM,32GB Built-in,Octa-core (4 x 2.3 GHz Cortex-A53 + 4 x 1.8 GHz Cortex-A53),Android V8.1 Oreo,"24,999"
Oppo A83 Price in Pakistan and Specifications,3GB RAM,32GB Built-in,2.5 Ghz Octa Core Cortex-A53,Android v7.1.1 Nougat,"22,000"
Oppo A71,3GB RAM,16GB Built-in,1.5 Ghz Octa Core Cortex-A53,Android v7.1.1 Nougat,"19,899"
Oppo A3s,2GB RAM,16GB Built-in,1.8 Ghz Octa Core Cortex-A53,Android V8.1 Oreo,"18,999"
Oppo A1K,2GB RAM,32GB Built-in,2.0 Ghz Octa Core Cortex-A53,Android 9.0 Pie,"18,999"
Oppo A71 2018,2GB RAM,16GB Built-in,1.8Ghz Octa Core,Android v7.1.1 Nougat,"17,999"
Oppo F3 Plus,4GB RAM,64GB Built-in,Octa-core (4 x 1.95 GHz Cortex-A72 + 4 x 1.44 GHz Cortex-A53),Android V6.0 (Marshmallow),N/A
Oppo F3,4GB RAM,64GB Built-in,1.5 Ghz Octa Core,Android V6.0 (Marshmallow),N/A
Oppo F5 Price & Specs,4GB,32GB Built-in,2.5 GHz Octa Core,Android v7.1.2 Nougat,N/A
Oppo R5 Price & Specs,2GB RAM,16GB built-in,Octa core (4 x 1.7 GHz Cortex A53 + 4 x 1.0 GHz Cortex A53),"Android OS, v4.4 (KitKat)",Discontinued
Oppo R7 Plus Price & Specs,3GB/4GB RAM,32GB/64GB built-in,Octa core (4 x 1.5 GHz Cortex-A53 + 4 x 1.0 GHz Cortex A53),"Android OS, v5.0 (Lollipop)",Discontinued
Oppo Neo 5S Price & Specs,1 GB RAM,8GB built-in,1.2 GHz Quad-Core Cortex-A53,"Android OS, v4.4.2 (KitKat)",Discontinued
Oppo R7 Lite Price & Specs,2GB RAM,16GB built-in,Octa core (4 x 1.5 GHz Cortex A53 + 4 x 1.0 GHz Cortex A53),"Android OS, v5.1 (Lollipop)",Discontinued
Oppo F1 Price & Specs,3GB RAM,16GB built-in,Octa core (4 x 1.7 GHz Cortex A53 + 4 x 1.0 GHz Cortex A53),"Android OS, v5.1 (Lollipop)",Discontinued
Oppo F5 Youth Price & Specs,3GB RAM,32GB Built-in,2.5 Ghz Octa Core Cortex-A53,Android v7.1.2 Nougat,Discontinued
Oppo F5 Limited Edition Price & Specs,4GB,32GB Built-in,2.5 GHz Octa Core,Android v7.1.2 Nougat,Discontinued
Realme 2 Pro,8GB RAM,128GB Built-in,Octa-core (4 x 2.0 GHz Kryo 260 + 4 x 1.8 GHz Kryo 260),Android V8.1 Oreo,"46,999"
Realme 3 Pro 6GB,6GB RAM,128GB Built-in,Octa-core (2 x 2.2 GHz Kryo 360 Gold + 6 x 1.7 GHz Kryo 360 Silver),Android 9.0 (Pie),"39,999"
Realme 3 Pro,4GB RAM,64GB Built-in,Octa-core (2 x 2.2 GHz Kryo 360 Gold + 6 x 1.7 GHz Kryo 360 Silver),Android 9.0 (Pie),"35,499"
Realme 3 4GB,4GB RAM,64GB Built-in,Octa-core (4 x 2.1 GHz Cortex-A73 + 4 x 2.0 GHz Cortex-A53),Android 9.0 (Pie),"24,999"
Realme 3,3GB RAM,32GB Built-in,Octa-core (4 x 2.1 GHz Cortex-A73 + 4 x 2.0 GHz Cortex-A53),Android 9.0 (Pie),"22,999"
Realme C2,2/3GB RAM,16/32GB Built-in,2.0 GHz Octa-Core Cortex-A53,Android 9.0 (Pie),"20,999"
Realme C1,2GB RAM,16GB Built-in,1.8 GHz Octa Core Cortex-A53,Android V8.1 Oreo,"16,999"
Nokia 8.1,4/6GB RAM,64/128GB Built-in,Octa-core (2 x 2.2 GHz 360 Gold + 6 x 1.7 GHz Kryo 360 Silver),Android 9.0 (Pie); Android One,"39,899"
Nokia 7 Plus,4GB RAM,64GB Built-in,Octa-core (4 x 2.2 GHz Kryo 260 + 4 x 1.8 GHz Kryo 260),Android One,"36,800"
Nokia 8,4GB RAM,64GB Built-in,Octa-core (4 x 2.5 GHz Kryo + 4 x 1.8 GHz Kryo),Android v7.1.1 Nougat upgradable to Android 8.0 (Oreo),"35,990"
Nokia 7.1,3/4GB RAM,32/64GB Built-in,1.8 GHz Octa Core Kryo 260,Android V8.1 Oreo upgradable to Android 9.0 (Pie); Android One,"33,899"
Nokia 6.1 Plus,4GB RAM,64GB Built-in,1.8 GHz Octa Core Kryo 260,Android V8.1 Oreo; Android One,"28,799"
Nokia 6 2018,3GB RAM,32/64GB Built-in,2.2 Ghz Octa Core Cortex-A53,Android One,"27,800"
Nokia 3.2 32GB,3GB RAM,32GB Built-in,1.8 Ghz Octa Core Cortex-A53,Android 9.0 (Pie); Android One,"25,500"
Nokia 5.1 Plus,3GB RAM,32GB Built-in,Octa-core (4 x 2.0 GHz Cortex-A73 + 4 x 2.0 GHz Cortex-A53),Android V8.1 Oreo; Android One,"22,899"
Nokia 3.1,2GB RAM,16GB Built-in,Octa-core (4 x 1.5 GHz Cortex-A53 + 4 x 1.0 GHz Cortex-A53),Android V8.0 Oreo; (Android One),"19,899"
Nokia 3.1 Plus,3GB RAM,32GB Built-in,2.0 GHz Octa-Core Cortex A-53,Android V8.0 Oreo ; Android One,"19,899"
Nokia 2.2,3GB RAM,32GB Built-in,2.0 Ghz Quad Core Cortex-A53,Android 9.0 (Pie); Android One,"18,699"
Nokia 3.2 Price in Pakistan and Specifications,2GB RAM,16GB Built-in,1.8 Ghz Octa Core Cortex-A53,Android 9.0 (Pie); Android One,"18,299"
Nokia 5,2GB RAM,16GB built-in,1.4 GHZ Octa-Core Cortex-A53,Android OS 7.1 (Nougat),"17,650"
Nokia 3,2GB RAM,16GB built-in,1.4 Quad-Core Cortex-A53,Android OS 7.0 (Nougat),"16,400"
Nokia 2.1,1GB RAM,8GB Built-in,1.4 Ghz Quad Core Cortex-A53,Android V8.1 Oreo ; (Android Go edition pure ROM),"14,999"
Nokia 1 Plus,1GB RAM,8/16GB Built-in,1.5 Ghz Quad Core Cortex-A53,Android 9 (Pie); Go edition,"14,899"
Nokia 8110 4G,512MB RAM,4GB Built-in,Dual-core (2 x 1.1 GHz Cortex-A7),KaiOS,"9,990"
Nokia 1,1GB RAM,8GB Built-in,1.1 Ghz Quad Core Cortex-A53,Android Android 8.1 Oreo (Go edition),"9,499"
Nokia 3310 3G,LED Flash,2 MP,TFT,117 x 52.3 x 13.3 mm,"7,575"
Nokia 150 Dual SIM,Speakerphone,3.5mm audio jack,"VGA, LED flash",118 x 50.2 x 13.5 mm,"5,049"
Nokia 150,Speakerphone,3.5mm audio jack,"VGA, LED flash",118 x 50.2 x 13.5 mm,"4,699"
Nokia E6 Price & Specs,3264x2448 pixels,8MP,"TFT capacitive touchscreen, 16M colors, Multi-touch input method",Symbian Anna OS,Discontinued
Nokia Lumia 620 Price & Specs,512MB RAM,8GB built-in,Dual-core 1 GHz Krait,Microsoft Windows Phone 8,Discontinued
Nokia Lumia 520 Price & Specs,512 MB RAM,8GB built-in,Dual-core 1 GHz,Microsoft Windows Phone 8,Discontinued
Nokia Lumia 925 Price & Specs,1GB RAM,16GB built-in,Dual core 1.5 GHz Krait,Microsoft Windows Phone 8,Discontinued
Nokia 208 Price & Specs,1280 x 960 pixels,1.3MP,"TFT, 256K colors","114.2 x 50.9 x 12.8 mm, 65.2 cc",Discontinued
Nokia Lumia 1020 Price & Specs,2GB RAM,32GB built-in,Dual-core 1.5 GHz Krait,Microsoft Windows Phone 8,Discontinued
Nokia Lumia 625 Price & Specs,512MB RAM,8GB built-in,Dual-core 1.2 GHz Krait,Microsoft Windows Phone 8,Discontinued
Nokia Lumia 1520 Price & Specs,2GB RAM,32GB built-in,Quad-core 2.2 GHz,Microsoft Windows Phone 8 Black,Discontinued
Nokia X Price & Specs,512MB RAM,4GB built-in,Dual-core 1 GHz,"Nokia X 1.0 (based on Android OS, v4.1.2 Jelly Bean)",Discontinued
Nokia Lumia 930 Price & Specs,2GB RAM,32GB built-in,Quad-core 2.2 GHz Krait 400,"Microsoft Windows Phone 8.1, Lumia Cyan",Discontinued
Nokia XL Price & Specs,768MB RAM,4GB built-in,Dual-core 1 GHz,"Nokia X 1.0 (based on Android OS, v4.1.2 Jelly Bean)",Discontinued
Nokia Lumia 630 Price & Specs,512MB RAM,8GB built-in,1.2 GHz Quad-core Cortex-A7,Microsoft Windows Phone 8.1,Discontinued
Nokia Lumia 635 Price & Specs,512MB RAM,8GB built-in,1.2 GHz Quad-core Cortex-A7,Microsoft Windows Phone 8.1,Discontinued
Nokia Lumia 630 Dual SIM Price & Specs,512MB RAM,8GB built-in,1.2 GHz Quad-core Cortex-A7,Microsoft Windows Phone 8.1,Discontinued
Nokia X2 Price & Specs,1GB RAM,4GB built-in,1.2 GHz Dual-Core,"Android OS, v4.3 (Jelly Bean)",Discontinued
Nokia Lumia 530 Price & Specs,512MB RAM,4GB built-in,1.2 GHz Quad-Core,Microsoft Windows Phone 8.1,Discontinued
Nokia Lumia 730 Price & Specs,1GB RAM,8GB built-in,1.2 GHz uad-Core Cortex-A7,Microsoft Windows Phone 8.1,Discontinued
Nokia Lumia 735 Price & Specs,1GB RAM,8GB built-in,1.2 GHz uad-Core Cortex-A7,Microsoft Windows Phone 8.1,Discontinued
Nokia Lumia 638 Price & Specs,1GB RAM,8GB built-in,1.2 GHz Quad-core Cortex-A7,Microsoft Windows Phone 8.1,Discontinued
Xiaomi Mi 8,6GB RAM,64/128/256GB Built-in,Octa-core (4 x 2.8 GHz Kryo 385 Gold + 4 x 1.8 GHz Kryo 385 Silver),Android V8.1 Oreo,"64,999"
Xiaomi Mi Mix 2,6GB RAM,64GB Built-in,Octa Core (4 x 2.45 GHz Kryo + 4 x 1.9 GHz Kryo),Android v7.1.1 Nougat,"52,999"
Xiaomi Pocophone F1,6GB RAM,128GB Built-in,Octa-core (4 x 2.8 GHz Kryo 385 Gold + 4 x 1.8 GHz Kryo 385 Silver),Android V8.1 Oreo,"51,999"
Xiaomi Mi 6,6GB RAM,64/128GB Built-in,Octa-core (4 x 2.45 GHz Kryo + 4 x 1.9 GHz Kryo),Android v7.0 Nougat,"43,999"
Xiaomi Mi A2,4GB RAM,64GB Built-in,Octa-core (4 x 2.2 GHz Kryo 260 + 4 x 1.8 GHz Kryo 260),Android 8.1 (Oreo); Android One,"36,999"
Xiaomi Redmi Note 7,4GB RAM,64GB Built-in,Octa-core (4 x 2.2 GHz Kryo 260 + 4 x 1.8 GHz Kryo 260),Android 9.0 (Pie),"35,999"
Xiaomi Redmi Note 6 Pro 4GB,4GB RAM,64GB Built-in,1.8 GHz Octa Core Kryo 260,Android V8.1 Oreo,"34,999"
Xiaomi Mi 8 Lite,4GB RAM,64GB Built-in,Octa-core (4 x 2.2 GHz Kryo 260 + 4 x 1.8 GHz Kryo 260),Android V8.1 Oreo,"33,499"
Xiaomi Redmi Note 5 Pro,4GB RAM (LPDDR4X RAM),64GB Built-in,1.8 GHz Octa Core Kryo 260,Android v7.1.2 Nougat,"31,999"
Xiaomi Mi A1,4GB RAM,64GB Built-in,2Ghz Octa Core Cortex-A53,Android One,"29,900"
Xiaomi Mi Max 2,4GB RAM,64/128GB built-in,2 Ghz Octa Core Cortex-A53,"Android OS, v7.0 (Nougat)","28,999"
Xiaomi Redmi S2 4GB,4GB RAM,64GB Built-in,2.0 Ghz Octa Core Cortex A-53,Android v8.1 Oreo,"28,999"
Xiaomi Redmi Note 6 Pro,3GB RAM,32GB Built-in,1.8 GHz Octa Core Kryo 260,Android V8.1 Oreo,"27,999"
Xiaomi Redmi 5 Plus 4GB,4GB RAM,64GB Built-in,2 Ghz Octa Core Cortex-A53,Android v7.1.2 Nougat,"26,900"
Xiaomi Redmi 7,3GB RAM,32GB Built-in,Octa-core (4 x 1.8 GHz Kryo 250 Gold + 4 x 1.8 GHz Kryo 250 Silver),Android 9.0 (Pie),"25,999"
Xiaomi Redmi 6 4GB,4GB RAM,64GB Built-in,2.0 Ghz Octa Core Cortex-A53,Android V8.1 Oreo,"24,999"
Xiaomi Mi A2 Lite,3GB RAM,32GB Built-in,2.0 Ghz Octa Core Cortex A-53,Android V8.0 Oreo; (Android One),"22,999"
Xiaomi Redmi S2,3GB RAM,32GB Built-in,2.0 Ghz Octa Core Cortex A-53,Android v8.1 Oreo,"22,499"
Xiaomi Redmi 6,3GB RAM,32GB Built-in,2.0 Ghz Octa Core Cortex-A53,Android V8.1 Oreo,"21,999"
Xiaomi Redmi 5 Plus,3GB RAM,32GB Built-in,2 Ghz Octa Core Cortex-A53,Android v7.1.2 Nougat,"21,000"
Xiaomi Redmi 5 3GB,3GB RAM,32GB Built-in,1.8 GHz Octa Core Cortex-A53,Android v7.1.1 Nougat,"20,500"
Xiaomi Redmi Note 5A Prime,3GB RAM,32GB Built-in,Octa Core Cortex-A53,Android v7.0 Nougat,"18,999"
Xiaomi Redmi 6A 32GB,2GB RAM,32GB Built-in,2.0 Ghz Quad Core Cortex-A53,Android V8.1 Oreo,"18,999"
Xiaomi Redmi 4X,2GB RAM,16GB built-in,1.4 GHz Octa-Core Cortex-A53,"Android OS, v6.0.1 (Marshmallow)","18,900"
Xiaomi Redmi 5,2GB RAM,16GB Built-in,1.8 Ghz Octa Core Cortex-A53,Android v7.1.1 Nougat,"17,499"
Xiaomi Redmi Note 5A,2GB RAM,16GB Built-in,Quad-core Cortex-A53,Android v7.1.1 Nougat,"16,900"
Xiaomi Redmi 5A HD,2GB RAM,16GB Built-in,Quad-core 1.4 GHz Cortex-A53,Android v7.1.1 Nougat,"15,500"
Xiaomi Redmi 6A,2GB RAM,16GB Built-in,2.0 Ghz Quad Core Cortex-A53,Android V8.1 Oreo,"14,999"
Xiaomi Redmi Go,1GB RAM,8GB Built-in,1.4 Ghz Quad Core Cortex-A53,Android V8.1 Oreo; Go Edition,"11,699"
Xiaomi Redmi 5 Plus,3GB RAM,32GB Built-in,2 Ghz Octa Core Cortex-A53,Android v7.1.2 Nougat,"21,000"
Infinix Note 5 Stylus,4GB RAM,64GB Built-in,2.0 GHz Octa Core,Android One,"37,899"
Infinix Note 5,4GB RAM,64GB Built-in,2.0 Ghz Octa Core,Android One,"32,999"
Infinix Zero 5,6GB RAM,64GB Built-in,2.6 Ghz Octa Core,Android v7.1.2 Nougat,"29,999"
Infinix Zero 4 Plus,4GB RAM,64GB built-in,2.1 GHz Deca-Core,Android OS V6.0 (Marshmallow),"26,499"
Infinix Note 4 Pro,3GB RAM,32GB Built-in,"1.3 Ghz Octa Core Cortex A53, 64 bit",Android v7.0 Nougat,"26,400"
Infinix Hot S3 4GB,4GB RAM,64GB Built-in,1.4 Ghz Octa Core,Android V8.0 Oreo,"25,999"
Infinix Hot S3X 4GB,4GB RAM,64GB Built-in,1.4 Ghz Octa Core,Android V8.1 Oreo,"23,999"
Infinix S4,4GB RAM,64GB Built-in,2.0 Ghz Octa Core Cortex-A53,Android 9.0 (Pie),"22,999"
Infinix Note 3 4G,2GB RAM,16GB built-in,1.3 GHZ Octa-Core,Androis OS v6.0 (Marshmallow),"20,599"
Infinix Hot 7 Pro,2/3/6GB RAM,32/64GB Built-in,1.8 Ghz Quad Core Cortex-A53,Android 9.0 (Pie),"19,999"
Infinix Hot S3X,3GB RAM,32GB Built-in,1.4 Ghz Octa Core,Android V8.1 Oreo,"19,600"
Infinix Smart 2 32GB,3GB RAM,32GB Built-in,1.5 Ghz Quad Core,Android V8.1 Oreo,"19,500"
Infinix Note 4,3GB RAM,32GB Built-in,1.3 Ghz Octa Core,Android v7.0 Nougat,"18,999"
Infinix Hot S3,3GB RAM,32GB Built-in,1.4 Ghz Octa Core,Android V8.0 Oreo,"18,999"
Infinix Hot 6 Pro 3GB,3GB RAM,32GB Built-in,1.4 Ghz Quad Core,Android V8.1 Oreo,"18,999"
Infinix Smart 3 Plus,2/3GB RAM,32GB Built-in,2.0 Ghz Quad Core Cortex-A53,Android 9.0 (Pie),"16,999"
Infinix Hot 4 Pro,4864 X 2736 pixels,13 MP,"HD Display, 16M colors, Multitouch",Android OS V6.0 (Marshmallow),"16,400"
Infinix Hot 6 Pro,2GB RAM,16GB Built-in,1.4 Ghz Quad Core,Android V8.1 Oreo,"16,000"
Infinix Note 2,autofocus,13 MP,"IPS capacitive touchscreen, 16M colrs, Multitouch",Android V6.0 (Marshmallow),"15,999"
Infinix S2 Pro,3GB RAM,32GB Built-in,1.3 GHz Octa Core Cortex-A53,Android v6.0 Marshmallow,"15,999"
Infinix Smart 3,2GB RAM,16GB Built-in,2.0 Ghz Quad Core,Android 9.0 (Pie),"15,700"
Infinix S2,2GB RAM,16GB Built-in,1.3 Ghz Octa Core,Android v6.0 Marshmallow,"15,499"
Infinix Smart 2,2GB RAM,16GB Built-in,1.5 Ghz Quad Core,Android V8.1 Oreo,"15,499"
Infinix Hot 3 Pro,autofocus,13 MP,"TFT Display, 16M colors, Multitouch",Android v5.1 (Lollipop) Upgradable up to V6.0 (Marshmallow),"15,200"
Infinix Hot 6,2GB RAM,16GB Built-in,1.3 Ghz Quad Core,Android V8.1 Oreo,"14,999"
Infinix Hot S,2GB RAM,16GB built-in,1.3 GHz Octa--Core Cortex,Android V6.0 (Marshmallow),"14,899"
Infinix Hot 5,2GB RAM,16GB Built-in,1.3 GHz Quad-Core Cortex-A53,Android v7.0 Nougat,"14,800"
Infinix Hot 7,1GB RAM,16GB Built-in,1.3 Ghz Quad Core Cortex-A7,Android V8.1 Oreo,"13,999"
Infinix Smart 2 HD,Dual LED Flash,8 MP,"IPS LCD Capacitive Touchscreen, 16M Colors, Multitouch",Android V8.1 Oreo,"12,999"
Infinix Hot 4 LTE,3072 x 1728 pixels,8 MP,"HD Display Capacitive Touchscreen, 16M Colors, Multitouch",Android v6.0 Marshmallow,"12,600"
Infinix Smart,1GB RAM,16GB Built-in,1.3 Ghz Quad Core,Android v7.0 Nougat,"10,999"
Infinix Hot 3,1GB RAM,16GB built-in,1.3 GHZ Quad-Core,Android v5.1 (Lollipop),"10,500"
Infinix Hot Price & Specs,1GB RAM,16GB built-in,1.3 GHz Quad-Core Cortex-A53,Android v 4.4.2 Kitkat,Discontinued
Infinix Zero Price & Specs,1GB RAM,8GB built-in,1.4 GHz Octa-Core Cortex-A53,Android v 4.4.2 (Kitkat),Discontinued
Infinix Zero 2 Lite Price & Specs,3GB RAM,16GB built-in,1.3 GHz Octa-Core Cortex-A53,"Android OS, v5.1 (Lollipop)",Discontinued
Infinix Hot Note 32GB Price & Specs,2GB RAM,32GB built-in,1.4 GHZ Octa-Core,"Android v 4.4.2 Kitkat, upgradable to 5.0 (Lollipop)",Discontinued
Infinix Zero 2 32GB Price & Specs,2GB RAM,32GB built-in,2.0 GHz Octa-Core Cortex-A53,Android v 4.4.2 (Kitkat),Discontinued
Infinix Note 6,4GB RAM,64GB Built-in,Octa-core (4 x 2.3 GHz Cortex-A53 + 4 x 1.8 GHz Cortex-A53),Android 9.0 (Pie),Coming Soon
Infinix Zero 5 Pro,6GB RAM,128GB Built-in,2.6 Ghz Octa Core,Android v7.1.2 Nougat,Coming Soon
Apple iPhone XS Max,4GB RAM,64/256/512GB Built-in,Hexa Core,IOS 12,"167,999"
Apple iPhone XS,4GB RAM,64/256/512GB Built-in,Hexa Core,IOS 12,"156,999"
Apple iPhone7 Plus 128GB,3GB RAM,128GB built-in,Quad-core 2.34 GHz (2 x Hurricane & 2 x Zephyr),iOS 10.01 upgradable to iOS 10.0.2,"144,999"
Apple iPhone X,3GB RAM,64GB Built-in,Hexa Core (2 x Monsoon + 4 x Mistral),IOS 11,"129,999"
Apple iPhone XR,3GB RAM,64 Built-in,Hexa Core,IOS 12,"117,999"
Apple iphone 8 Plus,3GB RAM,64GB Built-in,Hexa Core,iOS 11,"111,999"
Apple iPhone 7 Plus 256GB,3GB RAM,256GB built-in,Quad-core 2.34 GHz (2 x Hurricane & 2 x Zephyr),iOS 10.01 upgradable to iOS 10.0.2,"109,999"
Apple iPhone 7 Plus,3GB RAM,32GB built-in,Quad-core 2.34 GHz (2 x Hurricane & 2 x Zephyr),iOS 10.01 upgradable to iOS 10.0.2,"100,900"
Apple iphone 8,2GB RAM,64/256GB Built-in,Hexa Core (2x Monsoon + 4x Mistral),IOS 11,"97,999"
Apple iphone 7 256GB,2GB RAM,256GB built-in,Quad-core 2.34 GHz (2 x Hurricane & 2 x Zephyr),iOS 10,"90,999"
Apple iphone 7 128GB,2GB RAM,128GB built-in,Quad-core 2.34 GHz (2 x Hurricane & 2 x Zephyr),iOS 10,"83,999"
Apple iphone 6s Plus 128GB,2GB RAM,128GB built-in,1.84 GHz Dual-Core Twister,"iOS 9, upgradable to iOS 9.3.3 & planned upgrade to iOS 10","82,000"
Apple iphone 7,2GB RAM,32GB built-in,Quad-core 2.34 GHz (2 x Hurricane & 2 x Zephyr),iOS 10,"74,999"
Apple iphone 6s Plus 64GB,2GB RAM,64GB built-in,1.84 GHz Dual-Core Twister,"iOS 9, upgradable to iOS 9.3.3 & planned upgrade to iOS 10","72,999"
Apple iphone 6,1 GB RAM,32GB built-in,1.4 GHZ Dual-core Cyclone (ARM v8-based),iOS 8,"43,999"
Apple iphone SE,2GB RAM,16/64GB built-in,1.84 GHz Dual-Core Twister,iOS 9.3,"31,500"
Apple iphone SE,2GB RAM,16/64GB built-in,1.84 GHz Dual-Core Twister,iOS 9.3,"31,500"
Apple iphone 7s Price & Specs,autofocus,12 MP,"LED-backlit IPS LCD, capacitive touchscreen, 16M colors, Multitouch",iOS 11,N/A
Apple iPhone 9 Price & Specs,Autofocus,12 MP,"OLED Capacitive Touchscreen, 16M Colors, Multitouch",IOS 12,N/A
Apple iphone 4S 32GB Price & Specs,3264x2448 pixels,8MP,"LED-backlit IPS TFT, capacitive touchscreen, 16M colors, Multi-touch input method",iOS 5,Discontinued
Apple iphone 5 16GB Price & Specs,1GB DDR3 RAM,16B built-in,1.3 GHz Dual-Core Swift (ARM v7-based),"iOS 6, upgradable to iOS 8.3",Discontinued
Apple iphone 5 32GB Price & Specs,3264x2448 pixels,8MP,"LED-backlit IPS TFT, capacitive touchscreen, 16M colors,  Multi-touch input method",iOS 6,Discontinued
Apple iphone 5 64GB Price & Specs,3264x2448 pixels,8MP,"LED-backlit IPS TFT, capacitive touchscreen, 16M colors,  Multi-touch input method",iOS 6,Discontinued
Apple iphone 5C 32GB Price & Specs,RAM: 1GB,32GB built-in,Dual-core 1.3 GHz,iOS 7.0,Discontinued
Apple iphone 5C 16GB Price & Specs,RAM: 1GB,16 GB built-in,Dual-core 1.3 GHz,iOS 7.0,Discontinued
Apple iphone 5S 32GB Price & Specs,1GB DDR3 RAM,32GB built-in,1.3 GHz Quad-Core Cyclone (ARM v8-based)),"iOS 7, upgradable to iOS 8.3",Discontinued
Apple iphone 5S 64GB Price & Specs,1GB DDR3 RAM,64GB built-in,1.3 GHz Quad-Core Cyclone (ARM v8-based),"iOS 7, upgradable to iOS 8.3",Discontinued
Apple iphone 7 Pro Price & Specs,autofocus,12 MP Dual Camera,"LED-backlit IPS LCD, capacitive touchscreen, 16M colors, Multitouch",iOS 10,Discontinued
Apple iphone SE 2 Price & Specs,autofocus,12 MP,"LED-backlit IPS LCD, capacitive touchscreen, 16M colors, Multitouch",IOS 11,Discontinued
Apple iPhone XI,3GB RAM,64GB Built-in,Hexa-Core,IOS 13,Coming Soon
Apple iPhone XR 2019,4GB RAM,64/128GB Built-in,Hexa Core,IOS 12,Coming Soon
Apple iPhone XS Plus Price & Specs,Auto-focus,Dual 12 MP,"Super AMOLED capacitive touchscreen, 16M colors, Multitouch",IOS 12,Coming Soon
Apple iPhone X Plus Price & Specs,3GB RAM,256GB Built-in,Hexa Core,IOS 11,Coming Soon
Lenovo Moto Z,4GB RAM,32/64GB built-in,Quad-core (2 x 1.8 GHz Kryo + 2 x 1.6 GHz Kryo),"Android 6.0.1 (Marshmallow), 7.1.1 (Nougat), planned upgrade to Android 8.0 (Oreo)","66,900"
Lenovo Vibe Z2,2GB RAM,32GB built-in,1.2 GHz Quad-Core Cortex-A53,"Android OS, v4.4 (KitKat)","51,000"
Lenovo Vibe P2,4GB RAM,64GB built-in,2 GHz Octa-core Cortex-A53,"Android OS v6.0 (Marshmallow), upgradable to 7.0 (Nougat)","36,900"
Lenovo Vibe S1,3GB RAM,32GB built-in,1.7 GHz Octa-Core Cortex-A53,"Android OS, v5.0 (Lollipop)","36,500"
Lenovo S5,3GB RAM or 64/128GB Built-in,32GB Built-in,2.0 Ghz Octa Core cortex-A5,Android V8.0 Oreo,"34,999"
Lenovo Vibe P1,2GB RAM,32GB built-in,"1.5 GHz Quad-Core Cortex-A53, 1.0 GHz Quad-Core Cortex-A53","Android OS, v5.1 (Lollipop)","34,000"
Lenovo K5 Note,3GB RAM,32GB built-in,1.8 GHz Octa-Core Cortex-A53,"Android OS, v5.1 (Lollipop)","31,499"
Lenovo Vibe X2,2GB RAM,32GB built-in,2.0 GHz Quad-Core Cortex-A17 +  1.7 GHz Quad-Core Cortex-A7,"Android OS, v4.4 (KitKat)","30,600"
Lenovo A7010,2GB RAM,8/16/32GB built-in,1.5 GHz Octa-Core Cortex-A53,"Android OS, v5.1 (Lollipop)","29,900"
Lenovo S90,1/2GB RAM,16/32GB built-in,1.2 GHz Quad-Core Cortex-A53,"Android OS, v4.4.4 (KitKat)","26,900"
Lenovo Vibe S1 Lite,2GB RAM,16GB built-in,1.3 GHz Octa-Core Cortex-A53,"Android OS, v5.0 (Lollipop)","26,000"
Lenovo K6 Note,3GB RAM,32GB built-in,1.4 GHz Octa-Core Cortex-A53,"Android OS, v6.0 (Marshmallow)","25,900"
Lenovo Zuk Z1,3GB RAM,64GB built-in,2.5 GHz Quad-Core Krait 400,"Android OS, v5.1.1 (Lollipop)","23,999"
Lenovo S60,2GB RAM,8GB built-in,1.2 GHz Quad-Core Cortex-A53,"Android OS, v4.4 (KitKat)","22,700"
Lenovo P70,2GB RAM,16GB built-in,1.7 GHz Octa-Core Cortex-A53,"Android OS, v4.4 (KitKat)","22,500"
Lenovo S860,2GB RAM,16GB built-in,1.3 GHz Quad-core Cortex-A7,"Android OS, v4.2 (Jelly Bean), upgradable to v4.4.2 (KitKat)","19,999"
Lenovo A7000 Plus,2GB RAM,16GB built-in,octa-core,"Android OS, v5.0.x (Lollipop)","19,900"
Lenovo S850,1GB RAM,16GB built-in,1.3 GHz Quad-core Cortex-A7,"Android OS, v4.2 (Jelly Bean)","19,500"
Lenovo Vibe K5 Plus,2GB RAM,16GB built-in,"1.5 GHz Quad-Core Cortex-A53, 1.2 GHz Quad-Core Cortex-A53","Android OS, v5.1 (Lollipop)","19,500"
Lenovo K5 Play,2GB RAM or 32GB Built-in,16GB Built-in,1.4 Ghz Octa Core Cortex-A53,Android V8.0 Oreo,"18,999"
Lenovo A7000,2GB RAM,8GB built-in,1.5 GHz Octa-Core Cortex-A53,"Android OS, v5.0.x (Lollipop)","17,999"
Lenovo Vibe P1m,2GB RAM,16GB built-in,1.0 GHz Quad-Core,"Android OS, v5.1 (Lollipop)","17,900"
Lenovo A606,1GB RAM,8GB built-in,1.3 GHz Quad-Core Cortex-A7,"Android OS, v4.4.2 (KitKat)","17,000"
Lenovo K6,16M colors,IPS capacitive touchscreen,SIM1: GSM 850 / 900 / 1800 / 1900SIM2: GSM 850 / 900 / 1800 / 1900,"16,900/-","16,900"
Lenovo K320T,2/3GB RAM,16/32GB Built-in,1.3 GHz Quad Core Cortex-A7,Android v7.0 Nougat,"15,500"
Lenovo A6010,2GB RAM,16GB built-in,1.2 GHz Quad-Core Cortex-A53,"Android OS, v5.0 (Lollipop)","14,999"
Lenovo S650,1GB RAM,8GB built-in,1.3 GHz Quad-core Cortex-A7,"Android OS, v4.2 (Jelly Bean)","14,500"
Lenovo C2 Power,2GB RAM,16GB built-in,1.0 GHz Quad-Core Cortex-A53,"Android OS, v6.0 (Marshmallow)","13,999"
Lenovo A6000,1GB RAM,8GB built-in,1.2 GHz Quad-Core Cortex-A53,"Android OS, v4.4.4 (KitKat)","13,900"
Lenovo A5000,1GB RAM,8GB built-in,1.3 GHz Quad-Core Cortex-A7,"Android OS, v4.4.2 (KitKat)","13,900"
Lenovo A536,1GB RAM,8GB built-in,1.3 GHz Quad-core Cortex-A7,"Android OS, v4.4.2 (KitKat)","12,100"
Lenovo A328,1GB RAM,4GB built-in,1.3 GHz Quad-Core Cortex-A7,"Android OS, v4.4.2 (KitKat)","9,800"
Lenovo Vibe B,1GB RAM,8GB built-in,1.0 GHZ Quad-Core,Android OS V6.0 (Marshmallow),"9,500"
Lenovo Vibe C,autofocus,5 MP,"IPS capacitive touchscreen, 16M colors, Multitouch","Android OS, v5.1.1 (Lollipop)","8,999"
Lenovo A369i,512MB RAM,4GB built-in,1.3 GHz Dual-core Cortex-A7,"Android OS, v4.2.2 (Jelly Bean)","7,900"
Lenovo A319,512MB RAM,4GB built-in,1.3 GHz Dual-Core Cortex-A7,"Android OS, v4.4.2 (KitKat)","7,900"
Lenovo A2010,1GB RAM,8GB built-in,1 GHz Quad-Core,"Android OS, v5.1 (Lollipop)","6,500"
Lenovo A1000,1GB RAM,8GB built-in,1.3 GHZ Quad-Core,"Android OS, v5.0 (Lollipop)","6,499"
Lenovo A3690 Price & Specs,1GB RAM,8GB built-in,1.0 GHz Quad-Core Cortex-A53,"Android OS, v5.1 (Lollipop)",N/A
Lenovo Vibe Z2 Pro Price & Specs,3GB RAM,32GB built-in,2.5 GHz Quad-Core Krait 400,"Android OS, v4.4.2 (KitKat)",Discontinued
Lenovo K3 Note Price & Specs,2GB RAM,16GB built-in,1.7 GHz Octa-Core Cortex-A53,"Android OS, v5.0 (Lollipop)",Discontinued
Lenovo Z6,8GB RAM,128GB Built-in,Octa core (2 x 2.2 GHz Kryo 470 + 6 x 1.8 GHz Kryo 470),Android 9.0 (Pie),Coming Soon
Lenovo Z5s Price & Specs,4/6GB RAM,64/128GB Built-in,2.2 Ghz Octa Core Kyro-260,Android 9.0 (Pie),Coming Soon
Lenovo Vibe P1 Turbo Price & Specs,3GB RAM,32GB built-in,"1.5 GHz Quad-Core Cortex-A53, 1.1 GHz Quad-Core Cortex-A53","Android OS, v5.1 (Lollipop)",Coming Soon
Lenovo K6 Power Price & Specs,2GB RAM,16GB built-in,1.5 GHz Octa-Core Cortex-A53,"Android OS, v6.0 (Marshmallow)",Coming Soon
Lenovo A Plus Price & Specs,1GB RAM,8GB built-in,1.3 GHz Quad-core Cortex-A7,"Android OS, v5.1 (Lollipop)",Coming Soon
Lenovo K5 2018 Price & Specs,3GB RAM,32GB Built-in,Octa-core (4 x 1.5 GHz Cortex-A53 + 4 x 1.0 GHz Cortex-A53),Android v7.1.1 Nougat,Coming Soon
Sony Xperia XZ1,4GB RAM,64GB Built-in,Octa-core (4 x 2.35 GHz Kryo + 4 x 1.9 GHz Kryo),Android V8.0 Oreo,"63,999"
Sony Xperia XA2 Ultra,4GB RAM,32/64GB Built-in,2.2 Ghz Octa Core Cortex-A53,Android V8.0 Oreo,"48,999"
Sony Xperia XZ,3GB RAM,64GB Built-in,Quad-core (2 x 2.15 GHz Kryo & 2 x 1.6 GHz Kryo),"Android OS, v6.0.1 (Marshmallow) upgradable to v7.0 (Nougat)","41,999"
Sony Xperia XA1 Plus,3/4GB RAM,32GB Built-in,Octa-core (4 x 2.3 GHz Cortex-A53 + 4 x 1.6 GHz Cortex-A53),Android v7.0 Nougat upgradable to Android 8.0 (Oreo),"32,999"
Sony Xperia L2,3GB RAM,32GB Built-in,1.5 Ghz Quad Core Cortex-A53,Android v7.1.1 Nougat,"27,999"
Sony Xperia XA1,3GB RAM,32GB Built-in,Octa-core (4 x 2.3 GHz Cortex-A53 + 4 x 1.6 GHz Cortex-A53),Android v7.0 Nougat upgradable to Android 8.0 (Oreo),"23,999"
Sony Xperia L1,2GB RAM,16GB Built-in,1.45 GHz Quad Core,Android v7.0 Nougat,"16,500"
Sony Xperia Z4 Price & Specs,5248 x 3936 pixels,20.7 MP,"IPS LCD capacitive touchscreen, 16M colors, Multitouch up to 10 fingers","Android OS, v5.0 (Lollipop)",Discontinued
Sony Xperia M Ultra Price & Specs,autofocus,23 MP,GSM 850 / 900 / 1800 / 1900,Android V6.0 (Marshmallow),Discontinued
Sony Xperia XZ2,4GB RAM,64GB Built-in,Octa-core (4 x 2.7 GHz Kryo 385 Gold + 4 x 1.7 GHz Kryo 385 Silver),Android V8.0 Oreo,Coming Soon
Sony Xperia L3,3GB RAM,32GB Built-in,2.0 Ghz Octa Core Cortex-A53,Android V8.1 Oreo,Coming Soon
Sony Xperia XA2,3GB RAM,32GB Built-in,Octa Core,Android V8.0 Oreo,Coming Soon
Sony Xperia X Ultra Price & Specs,4GB RAM,64GB Built-in,Octa Core,Android v7.0 Nougat,Coming Soon
Sony Xperia XZ4 Compact Price & Specs,4GB RAM,64GB Built-in,Octa Core,Android 9.0 (Pie),Coming Soon
Sony Xperia XZ2 Premium Price & Specs,6GB RAM,64GB Built-in,Octa-core (4 x 2.7 GHz Kryo 385 Gold + 4 x 1.7 GHz Kryo 385 Silver),Android V8.0 Oreo,Coming Soon
LG V30 Plus,4GB RAM,128GB Built-in,Qualcomm Snapdragon 835,Android v7.1.1 Nougat,"80,999"
LG V30,4GB RAM or 128GB Built-in,64GB Built-in,Octa-core (4 x 2.45 GHz Kryo + 4 x 1.9 GHz Kryo),Android v7.1.2 Nougat,"74,999"
LG G6,4GB RAM,32/64/128GB Built-in,Quad-core (2 x 2.35 GHz Kryo + 2 x 1.6 GHz Kryo),"Android OS, v7.0 (Nougat)","55,900"
LG Q8,4GB RAM,32GB Built-in,Quad-core (2 x 2.15 GHz Kryo + 2 x 1.6 GHz Kryo),Android v7.0 Nougat,"53,999"
LG Optimus G,2GB RAM,32GB built-in,Quad-core 1.5 GHz Krait,"Android OS, v4.1.2 (Jelly Bean)","52,800"
LG Ray,1GB RAM,16GB built-in,1.4 GHz Octa-Core Cortex-A7,"Android OS, v5.1 (Lollipop)","45,000"
LG Stylus 2 Plus,2GB RAM,16/32GB built-in,1.2 GHz Quad-Core Cortex-A53,"Android OS, v6.0 (Marshmallow)","45,000"
LG G Vista 2,2GB RAM,16GB built-in,Octa-Core processor,"Android OS, (Lollipop)","43,500"
LG G Pro 2,3GB RAM,16/32GB built-in,2.26 GHZ Quad-core Krait 400,"Android OS, v4.4.2 (KitKat)","41,500"
LG V10,4GB RAM,64GB built-in,"1.44 GHz Quad-Core Cortex-A53, 1.82 GHz Quad-Core Cortex-A57","Android OS, v5.1 (Lollipop)","41,500"
LG X venture,2GB RAM,32GB Built-in,1.4 Ghz Octa Core Cortex-A53,Android v7.0 Nougat,"37,999"
LG X Cam,2GB RAM,16GB built-in,1.14 GHz Octa-core Cortex-A53,Android 6.0 (Marshmallow),"35,000"
LG Nexus 4,2GB RAM,8/16 GB built-in,Quad-core 1.5 GHz Krait,"Android OS, v4.2 (Jelly Bean), upgradable to v4.2.1 (Jelly Bean)","33,000"
LG Nexus 5,2GB RAM,16/32GB built-in,2.3 GHz Quad-Core Krait,"Android OS, v5.0 (Lolipop), upgradable to v5.1.1 (Lollipop)","32,000"
LG G4,3GB RAM,32GB built-in,"1.8 GHz Quad-Core Cortex-A57, 1.44 GHz Quad-Core Cortex-A53","Android OS, v5.1 (Lollipop)","31,799"
LG Nexus 5X,2GB RAM,16/32GB built-in,"1.44 GHz Quad-Core Cortex-A53, 1.82 GHz Quad-Core Cortex-A57","Android OS, v6.0 (Marshmallow)","31,799"
LG V20,4GB RAM,32/64GB built-in,"Quad-core (2 x 2.15 GHz Kryo, 2 x 1.6 GHz Kryo)","Android OS, v7.0 (Nougat)","30,999"
LG Optimus 3D Max P720,1GB RAM,8 GB built-in,Dual-core 1.2 GHz Cortex-A9,"Android OS, v2.3 (Gingerbread), planned upgrade to v4.0 (Ice Cream Sandwich)","30,000"
LG Q6,3GB RAM,64GB Built-in,1.4 Ghz Octa Core Cortex-A53,Android v7.1.1 Nougat,"28,999"
LG Optimus Vu P895,1GB RAM,32 GB built-in,Quad-core 1.5 GHz,"Android OS, v4.0.4 (Ice Cream Sandwich)","28,000"
LG Optimus 4X HD P880,1GB RAM,16 GB built-in,Quad-core 1.5 GHz Cortex-A9,"Android OS, v4.0 (Ice Cream Sandwich)","27,900"
LG G Flex,2GB RAM,32GB built-in,Quad-core 2.26 GHz Krait 400,"Android OS,  v4.2.2 (Jelly Bean)","26,500"
LG Prada 3.0,1GB RAM,8 GB built-in,Dual-core 1 GHz Cortex-A9,"Android OS, v2.3.7 (Gingerbread), planned upgrade to v4.0 (Ice Cream Sandwich)","24,500"
LG Stylus 3,3GB RAM,16GB built-in,1.5 GHz Quad-Core Cortex-A53,"Android OS, v7.0 (Nougat)","21,500"
LG G4 Stylus,1GB RAM,8 built-in,1.2 GHz Quad-Core Cortex-A53,"Android OS, v5.0 (Lollipop)","19,999"
LG G2,2GB RAM,16/32GB built-in,Quad-core 2.26 GHz Krait 400,"Android OS, v4.2.2 (Jelly Bean)","19,850"
LG K10 2017,2GB RAM,16GB built-in,1.5 GHz Quad-Core Cortex-A53,"Android OS, v7.0 (Nougat)","18,299"
LG Optimus L5 II,512MB RAM,4GB built-in,1 GHz,"Android OS, v4.1.2 (Jelly Bean)","17,000"
LG Optimus L7 II,autofocus,8 MP,"IPS LCD capacitive touchscreen, 16M colors","Android OS, v4.1.2 (Jelly Bean)","16,949"
LG G4 Beat,1.5GB RAM,8GB built-in,"1.5 GHz Quad-Core Cortex-A53, 1 GHz Quad-Core Cortex-A53","Android OS, v5.1.1 (Lollipop)","15,999"
LG E400 Optimus L3,384MB RAM,1GB built-in,800 MHz,"Android OS, v2.3.6 (Gingerbread)","14,600"
LG P705 Optimus L7,2592 x 1944 pixels,5 MP,"IPS LCD, capacitive touchscreen, 16M colors","Android OS, v4.0.3 (Ice Cream Sandwich)","13,999"
LG X Screen,autofocus,13 MP,"IPS LCD capacitive touchscreen, 16M colors, Multitouch",Android 6.0 (Marshmallow),"13,999"
LG K8 2017,1.5GB RAM,16GB built-in,1.4 GHz Quad-Core Cortex-A53,"Android OS, v7.0 (Nougat)","10,700"
LG X power,2GB RAM,16GB built-in,1.3 GHz Quad-Core Cortex-A53,"Android OS, v6.0 (Marshmallow)","10,250"
LG P500 Price & Specs,2048x1536 pixels,3.15MP,"TFT capacitive touchscreen, 256K colors",Android OS v2.2 Froyo,Discontinued
LG Optimus L9 P768 Price & Specs,3264x2448 pixels,8MP,"IPS LCD, capacitive touchscreen, 16M colors, Multi-touch","Android OS, v4.0.4 (Ice Cream Sandwich)",Discontinued
LG G5 Price & Specs,4GB RAM,32GB Built-in,Quad-core (2 x 2.15 GHz Kryo + 2 x 1.6 GHz Kryo),"Android OS, v6.0 (Marshmallow) Up-gradable to 7.0 (Nougat)",Discontinued
LG K10 Price & Specs,(4G Model) 13MP,(3G Model) 8 MP,"IPS LCD capacitive touchscreen, 16M colors, Multitouch,",Android 5.1 Lollipop,Discontinued
LG K7 Price & Specs,autofocus,8 MP/5 MP,"IPS LCD capacitive touchscreen, 16M colors, Multitouch,",Android 5.1 (Lollipop),Discontinued
LG K4 Price & Specs,autofocus,5 MP,"IPS LCD capacitive touchscreen, 16M colors, Multitouch,",Android 5.1.1 Lollipop,Discontinued
LG K8 Price & Specs,1.5GB RAM,8GB built-in,1.3 GHz Quad-Core Cortex-A53,"Android OS, v6.0 (Marshmallow)",Discontinued
LG K5 Price & Specs,autofocus,5 MP,"IPS LCD capacitive touchscreen, 16M colors, Multitouch","Android OS, v5.1.1 (Lollipop)",Discontinued
LG G8s ThinQ,6GB RAM,128GB Built-in,Octa-Core,Android 9.0 (Pie),Coming Soon
LG Stylo 5,3GB RAM,32GB Built-in,1.8 Ghz Octa Core Cortex-A53,Android 9.0 (Pie),Coming Soon
LG W30 Pro,4GB RAM,64GB Built-in,Octa-core (4 x 1.8 GHz Kryo 250 Gold + 4 x 1.8 GHz Kryo 250 Silver),Android 9.0 (Pie),Coming Soon
LG W10,3GB RAM,32GB Built-in,2.0 Ghz Octa Core Cortex-A53,Android 9.0 (Pie),Coming Soon
LG W30,3GB RAM,32GB Built-in,2.0 Ghz Octa Core Cortex-A53,Android 9.0 (Pie),Coming Soon
LG Stylo 3 Plus Price & Specs,2GB RAM,32GB Built-in,1.4 Ghz Octa Core,Android v7.0 Nougat,Coming Soon
Meizu Pro 7 Plus,6GB RAM,64/128GB Built-in,Deca-core (2 x 2.6 GHz Cortex A73 + 4 x 1.9 GHz Cortex A35 + 4 x 2.2 GHz Cortex A53),Android v7.0 Nougat,"59,999"
Meizu Pro 7,4GB RAM,64/128GB Built-in,Octa-core (4 x 1.6 GHz Cortex A53 + 4 x 1.6 GHz Cortex-A35),Android v7.0 Nougat,"45,999"
Meizu MX6,3/4GB RAM,32GB Built-in,"Deca-core (2 x 2.3 GHz Cortex-A72, 4 x 1.9 GHz Cortex-A53, 4 x 1.4 GHz Cortex-A53)",Android v6.0 Marshmallow,"31,500"
Meizu M6 Note,4GB RAM,64GB Built-in,Octa-core 2.0 GHz Cortex-A53,Android v7.1.2 Nougat,"29,999"
Meizu M6T,3GB RAM,32GB Built-in,Octa-core (4 x 1.5 GHz Cortex-A53 + 4 x 1.0 GHz Cortex-A53),Android v7.0 Nougat,"24,000"
Meizu M3 Note,2GB RAM or 32GB Built-in,16GB Built-in,Octa-core (4 x 1.8 GHz Cortex-A53 + 4 x 1.0 GHz Cortex-A53),Android V5.0.1 Lollipop,"19,500"
Meizu M6,3GB RAM,32GB Built-in,1.5 Ghz Octa Core Cortex-A53,Android v7.0 Nougat,"17,999"
Meizu M5,2GB RAM,16GB Built-in,1.5 GHz Octa-Core Cortex-A5,Android v6.0 Marshmallow,"15,100"
Meizu C9,2GB RAM,16GB Built-in,1.3Ghz Quad Core,Android V8.0 Oreo,"14,000"
Meizu M6s,3GB RAM,32/64GB Built-in,Hexa-core (4 x 1.6 GHz Cortex-A53 + 2 x 2.0 GHz Cortex-A73),Android v7.0 Nougat,Coming Soon
Meizu M16s Price & Specs,8GB RAM,128/256GB Built-in,Octa Core,Android V8.1 Oreo,Coming Soon
Meizu C9 Pro Price & Specs,3GB RAM,32GB Built-in,1.3Ghz Quad Core,Android V8.0 Oreo,Coming Soon
Meizu 16s Pro Price & Specs,8GB RAM,256GB Built-in,Octa-core (1 x2 .84 GHz Kryo 485 + 3 x 2.41 GHz Kryo 485 + 4 x 1.78 GHz Kryo 485),Android 9.0 (Pie),Coming Soon
Meizu M15 Lite Price & Specs,4GB RAM,64GB Built-in,2.2Ghz Octa Core Cortex-A53,Android v7.1.2 Nougat,Coming Soon
Meizu M15 Plus Price & Specs,6GB RAM,64/128GB Built-in,Octa-core (4 x 2.5 GHz Mongoose M2 + 4 x 1.7 GHz Cortex-A53),Android v7.1.2 Nougat,Coming Soon
OnePlus 6,6GB RAM or 256 Built-in,64/128GB Built-in,Octa-core (4 x 2.8 GHz Kryo 385 Gold & 4 x 1.7 GHz Kryo 385 Silver),Android V8.1 Oreo,"78,000"
OnePlus 5T,6/8GB RAM,64/128GB Built-in,Octa-core (4 x 2.45 GHz Kryo + 4 x 1.9 GHz Kryo),Android v7.1.1 Nougat,"65,000"
OnePlus 5,8GB RAM,128GB Built-in,Octa-core (4 x 2.45 GHz Kryo + 4 x 1.9 GHz Kryo),Android v7.1.1 Nougat,"64,999"
OnePlus 6T,6/8GB RAM,128/256GB Built-in,Octa-core (4 x 2.8 GHz Kryo 385 Gold + 4 x 1.7 GHz Kryo 385 Silver),Android 9.0 (Pie),Coming Soon
OnePlus 7 Price & Specs,6/8GB RAM,128/256GB Built-in,Octa-core (1 x 2.84 GHz Kryo 485 + 3 x 2.42 GHz Kryo 485 + 4 x 1.80 GHz Kryo 485),Android 9.0 (Pie),Coming Soon
OnePlus 7 Pro Price & Specs,6GB RAM or 256GB Built-in,128GB Built-in,Octa-core (1 x 2.84 GHz Kryo 485 + 3 x 2.42 GHz Kryo 485 + 4 x 1.80 GHz Kryo 485),Android 9.0 (Pie),Coming Soon
Alcatel Idol 4s,3GB RAM,32GB built-in,"1.8 GHz Quad-Core Cortex-A72, 1.4 GHz Quad-Core Cortex-A53","Android OS, v6.0.1 (Marshmallow)","49,500"
Alcatel Idol 4,3GB RAM,16GB built-in,"1.7 GHz Quad-Core Cortex-A53, 1.2 GHz Quad-Core Cortex-A53","Android OS, v6.0.1 (Marshmallow)","28,750"
Alcatel Idol 3,2GB RAM,16GB built-in,"1.5 GHz Quad-Core Cortex-A53, 1.0 GHz Quad-Core Cortex-A53","Android OS, v5.0.2 (Lollipop)","24,500"
Alcatel X1,2GB RAM,16GB built-in,"1.4 GHZ Quad-Core Cortex-A53, 1.0 GHz Quad-Core Cortex-A53",Android V5.1 (Lollipop),"19,999"
Alcatel Pop 4S,2GB RAM,16GB built-in,Octa-Core (1.8 GHz + 1.0 GHz),"Android OS, v6.0 (Marshmallow)","13,999"
Alcatel Tablet Pixi4 LTE,autofocus,8 MP,IPS Display,Android Os V6.0 (Marshmallow),"13,900"
Alcatel Pop Star 4G,1GB RAM,8GB built-in,1.3 GHZ Quad-Core,"Android OS, v5.0 (Lollipop)","13,750"
Alcatel Pop 4,1GB RAM,8GB built-in,1.1 GHz Quad-Core Cortex-A7,"Android OS, v6.0 (Marshmallow)","13,700"
Alcatel Pop Up,2GB RAM,16GB built-in,1.4 GHz Octa-Core,"Android OS, v5.0 (Lollipop)","12,999"
Alcatel Pixi 4 Power Plus,autofocus,13 MP,HD IPS Display,Android Os V6.0 (Marshmallow),"12,750"
Alcatel Pop Star,1GB RAM,8GB built-in,1.3 GHZ Quad-Core,"Android OS, v5.0 (Lollipop)","11,500"
Alcatel Pixi 4 6,autofocus,8 MP,"IPS LCD capacitive touchscreen, 16M colors, Multitouch up to 5 fingers",Android OS 5.0 (Lollipop),"10,000"
Alcatel Pop 4 PLus,1.5GB RAM,16GB built-in,1.1 GHz Quad-Core Cortex-A7,"Android OS, v6.0 (Marshmallow)","9,999"
Alcatel Tablet Pixi 4,autofocus,5 MP,High Quality Display,Android Os V6.0 (Marshmallow),"9,999"
Alcatel Pixi 4 5,1GB RAM,8GB built-in,1.3 GHz Quad-Core,"Android OS, v6.0 (Marshmallow)","9,000"
Alcatel Pixi 4,1GB RAM,8GB built-in,1.2 GHz Quad-Core Cortex-A7,Android OS V6.0 (Marshmallow),"6,999"
Alcatel Idol 5 Price & Specs,3GB RAM,16GB Built-in,1.3 Ghz Octa Core cortex-A53,Android v7.0 Nougat,Coming Soon
Alcatel Idol 4 Pro Price & Specs,4GB RAM,64GB built-in,Quad-Core,Windows 10,Coming Soon
Alcatel Shine Lite Price & Specs,2GB RAM,16GB built-in,1.3 GHz Quad-Core,Android OS V6.0 (marshmallow),Coming Soon
Alcatel Flash 2 Price & Specs,2GB RAM,16GB built-in,1.3 GHz Quad-Core Cortex-A53,"Android OS, v5.1 (Lollipop)",Coming Soon
Alcatel 1x Price & Specs,2GB RAM (5059D only),16GB Built-in,1.3 Ghz Quad Core Cortex-A53,Android V8.1 Oreo 5059D only; Android 8.1 (Oreo Go) - others,Coming Soon
Alcatel Pixi Power Plus Price & Specs,autofocus,8 MP,"IPS LCD capacitive touchscreen, 16M colors, Multitouch",Android OS V6.0 (Marshmallow),Coming Soon
HTC U12 Plus,6GB RAM,64/128GB Built-in,Octa-core (4 x 2.6 GHz Kryo 385 Gold + 4 x 1.7 GHz Kryo 385 Silver),Android V8.1 Oreo,"112,999"
HTC U11 Plus,4/6GB RAM,64/128GB Built-in,Octa-core (4 x 2.45 GHz Kryo + 4 x 1.9 GHz Kryo),Android V8.0 Oreo,"80,799"
HTC U 11,4/6GB RAM,64/128GB Built-in,Octa-core (4 x 2.45 GHz Kryo + 4 x 1.9 GHz Kryo),Android v7.0 Nougat,"67,700"
HTC One A9,3GB RAM,32GB built-in,1.5 GHZ Octa-Core Cortex-A53,"Android OS, v6.0 (Marshmallow)","51,999"
HTC One M10,4GB RAM,32GB built-in,Qualcomm MSM8996 Snapdragon 820,Android 6.0.1 (Marshmallow),"51,500"
HTC 10,4GB RAM,32/64GB built-in,"2.15 GHz Quad-Core Kryo, 1.6 GHz Quad-Core Kryo","Android OS, v6.0.1 (Marshmallow)","51,500"
HTC One E8,2GB RAM,16GB built-in,2.5 GHz Quad-Core Krait 400,"Android OS, v4.4.2 (KitKat)","50,000"
HTC One M9,3GB RAM,32GB built-in,1.5 GHz Quad-core Cortex-A53 + 2 GHz Quad-core Cortex-A57,"Android OS, v5.0.1 (Lollipop)","47,900"
HTC One,2GB RAM,32/64GB built-in,Quad-core 1.7 GHz Krait 300,"Android OS, v4.1.2 (Jelly Bean), upgradable to v4.2.2 (Jelly Bean)","42,000"
HTC Butterfly S,2GB RAM,16GB built-in,Quad-core 1.9 GHz Krait 300,Android OS,"42,000"
HTC U Ultra,4GB RAM,64/128GB built-in,Quad-core (2 x 2.15 GHz Kryo + 2 x 1.6 GHz Kryo)),"Android OS, v7.0 (Nougat)","39,999"
HTC One X9,LED Flash,13 MP,IPS display,Android 5.0 (Lollipop),"37,500"
HTC Desire 610,1GB RAM,8GB built-in,Quad-core 1.2 GHz,"Android OS, v4.2.2 (Jelly Bean)","33,000"
HTC Desire 600,1GB RAM,8GB built-in,Quad-core 1.2 GHz Cortex-A5,"Android OS, v4.1.2 (Jelly Bean)","30,000"
HTC One Mini,1GB RAM,16GB built-in,Dual-core 1.4 GHz Krait 300,"Android OS, v4.2.2 (Jelly Bean)","27,499"
HTC One Mini 2,1GB RAM,16GB built-in,1.2 GHz Quad-Core Cortex-A7,"Android OS, v4.4.2 (KitKat)","26,999"
HTC One A9s,2GB RAM,16GB built-in,Octa-core (4 x 1.8 GHz Cortex-A53 + 4 x 1.0 GHz Cortex-A53),"Android OS, v6.0 (Marshmallow)","26,900"
HTC Desire 728,2GB RAM,16GB built-in,1.3 GHz Octa-Core Cortex-A53,"Android OS, v5.1.1 (Lollipop)","26,500"
HTC U Play,3GB RAM,32GB built-in,Octa-core (4 x 2.0 GHz Cortex-A53 + 4 x 1.1 GHz Cortex-A53),"Android OS, v7.0 (Nougat)","25,800"
HTC Desire 10 Pro,4GB RAM,64GB built-in,Octa-core (4 x 1.8 GHz Cortex-A53 + 4 x 1.0 GHz Cortex-A53),Android OS V6.0 (Marshmallow),"24,899"
HTC Desire 820,2GB RAM,16GB built-in,1.5 GHz Quad-Core Cortex-A53,"Android OS, v4.4.2 (KitKat)","24,000"
HTC 10 Lifestyle,3GB RAM,32GB built-in,"1.8 GHz Quad-Core Cortex-A72, 1.2 GHz Quad-Core Cortex-A53","Android OS, v6.0.1 (Marshmallow)","23,499"
HTC Desire 816G Dual Sim,1GB RAM,8GB built-in,1.3 GHz Quad-Core Cortex-A7,"Android OS, v4.4.2 (KitKat)","22,499"
HTC Desire 626,1/2GB RAM,16GB built-in,1.7 GHz Octa-Core Cortex-A531.2 GHz Quad-Core Cortex-A53,"Android OS, v4.4.4 (KitKat)","19,500"
HTC Desire 526G,autofocus,8 MP,"Capacitive touchscreen, 16M colors, Multitouch","Android OS, v4.4.2 (KitKat)","12,249"
HTC Incredible S Price & Specs,3264x2448 pixels,8MP,"S-LCD capacitive touchscreen, 16M colors, Multi-touch input method","Android OS, v2.2 (Froyo)",Discontinued
HTC Desire S Price & Specs,2592 x 1944 pixels,5MP,"S-LCD capacitive touchscreen, 16M colors, Multi-touch input method","Android OS, v2.3 (Gingerbread)",Discontinued
HTC Explorer Price & Specs,512 MB ROM,90 MB Built-in,600MHz Cortex A5,"Android OS, v2.3 (Gingerbread)",Discontinued
HTC Rhyme Price & Specs,2592x1944 pixels,5 MP,"S-LCD capacitive touchscreen, 16M colors, Multi-touch","Android OS, v2.3.4 (Gingerbread)",Discontinued
HTC Desire 500 Price & Specs,1GB RAM,4GB built-in,Quad-core 1.2 GHz Cortex-A5,"Android OS, v4.2.2 (Jelly Bean)",Discontinued
HTC Desire 300 Price & Specs,512 MB RAM,4GB built-in,Dual-core 1 GHz Cortex-A5,"Android OS, v4.2.2 (Jelly Bean)",Discontinued
HTC Desire 700 Price & Specs,3264 x 2448 pixels,8MP,"capacitive touchscreen, 16M colors, Multitouch",Android OS,Discontinued
HTC One M8 Price & Specs,2GB RAM,16/32GB built-in,Quad-core 2.3 GHz Krait 400,"Android OS, v4.4.2 (KitKat)",Discontinued
HTC Desire 816 Price & Specs,1.5GB RAM,8GB built-in,Quad-core 1.6 GHz Cortex-A7,Android OS,Discontinued
HTC Desire 210 Price & Specs,512 MB RAM,4GB built-in,Dual-core 1 GHz,"Android OS, v4.2.2 (Jelly Bean)",Discontinued
HTC Desire 516 Price & Specs,1GB RAM,4GB built-in,1.2 GHz Quad-Core Cortex-A7,"Android OS, v4.2.2 (Jelly Bean)",Discontinued
HTC Desire 510 Price & Specs,1GB RAM,8GB built-in,1.2 GHz Quad-Core,"Android OS, v4.4.2 (KitKat)",Discontinued
HTC Desire Eye Price & Specs,2GB RAM,16GB built-in,2.3 GHz Quad-Core Krait 400,"Android OS, v4.4.2 (KitKat)",Discontinued
HTC Desire 620 Price & Specs,1GB RAM,8GB built-in,1.2 GHz Quad-core Cortex-A53,"Android OS, v4.4.4 (KitKat)",Discontinued
HTC Desire 620G Price & Specs,1GB RAM,8GB built-in,1.7 GHz Octa-core Cortex-A7,"Android OS, v4.4.4 (KitKat)",Discontinued
HTC Desire 320 Price & Specs,2592 x 1944 pixels,5 MP,"TFT capacitive touchscreen, Multitouch","Android OS, v4.4.2 (KitKat)",Discontinued
HTC Desire 626G Plus Price & Specs,1GB RAM,8GB built-in,1.7 GHz Quad-Core Cortex-A53,"Android OS, v4.4.4 (KitKat)",Discontinued
HTC Desire 626S Price & Specs,1GB RAM,8GB built-in,1.1 GHz Quad-Core Cortex-A7,"Android OS, v5.1 (Lollipop)",Discontinued
HTC One E9s Price & Specs,2GB RAM,16GB built-in,1.5 GHz Octa-Core Cortex-A53,"Android OS, v5.0 (Lollipop)",Discontinued
HTC Desire 828 Price & Specs,2GB RAM,16GB built-in,1.5 GHz Octa-Core Cortex-A53,"Android OS, v5.1 (Lollipop)",Discontinued
HTC One M9s Price & Specs,2GB RAM,16GB built-in,2.2 GHz Octa-Core Cortex-A53,"Android OS, v5.1 (Lollipop)",Discontinued
HTC Desire 530 Price & Specs,1.5GB RAM,16GB built-in,1.1 GHz uad-Core Cortex-A7,"Android OS, v6.0 (Marshmallow)",Discontinued
HTC Desire 825 Price & Specs,2GB RAM,16GB built-in,1.6 GHz Quad-Core Cortex-A7,"Android OS, v6.0 (Marshmallow)",Discontinued
HTC Desire 630 Price & Specs,2GB RAM,16GB built-in,1.6 GHz Quad-Core Cortex-A7,"Android OS, v6.0 (Marshmallow)",Discontinued
HTC One S9 Price & Specs,2GB RAM,16GB built-in,2.0 GHz Octa-Core Cortex-A53,"Android OS, v6.0 (Marshmallow)",Discontinued
HTC Desire 830 Price & Specs,3GB RAM,32GB built-in,1.3 GHz Octa-Core Cortex-A53,"Android OS, v6.0 (Marshmallow)",Discontinued
HTC Desire 628 Price & Specs,autofocus,13 MP,"IPS LCD capacitive touchscreen, 16M colors, Multitouch","Android OS, v5.1 (Lollipop)",Discontinued
HTC Desire 10 Lifestyle Price & Specs,3GB RAM,32GB built-in,1.4 GHz Quad-Core Cortex-A7,"Android OS, v6.0 (Marshmallow)",Discontinued
HTC Desire 526G plus Price & Specs,autofocus,8 MP,"Capacitive touchscreen, 16M colors, MUltitouch","Android OS, v4.4.2 (KitKat)",Discontinued
HTC U11 Eyes Price & Specs,4GB RAM,64GB Built-in,Octa Core,Android V8.0 Oreo,Discontinued
HTC Desire 12 Price & Specs,3GB RAM,32GB Built-in,1.3 Ghz Quad Core Cortex-A53,Android V8.0 Oreo,Discontinued
HTC U19e,6GB RAM,128GB Built-in,Octa-core (2 x 2.2 GHz Kryo 360 Gold + 6 x 1.7 GHz Kryo 360 Silver),Android 9.0 (Pie),Coming Soon
HTC Desire 19 Plus,4/6GB RAM,64/128GB Built-in,Octa-core (4 x 2.3 GHz Cortex-A53 + 4 x 1.8 GHz Cortex-A53),Android 9.0 (Pie),Coming Soon
HTC U12 Price & Specs,autofocus,12mp + 16mp (Sony IMX3xx),"QHD+ Touchscreen, 16M Colors, Multitouch",Android V8.0 Oreo,Coming Soon
HTC Desire 12S Price & Specs,3/4GB RAM,32/64GB Built-in,1.4 Ghz Octa Core Cortex-A53,Android V8.1 Oreo,Coming Soon
HTC Bolt Price & Specs,3GB RAM,32GB built-in,Octa-core (4 x 1.5 GHz Cortex-A53 + 4 x 2.0 GHz Cortex-A57),"Android OS, v7.0 (Nougat)",Coming Soon
HTC U12 Life Price & Specs,4/6GB RAM,64/128GB Built-in,1.8 GHz Octa Core Kryo 260,Android 8.0 (Oreo); Android One,Coming Soon
Microsoft Lumia 430,1GB RAM,8GB built-in,1.2 GHz Dual-Core Cortex-A7,"Microsoft Windows Phone 8.1, planned upgrade to Windows 10","5,450"
Microsoft Lumia 535 Price & Specs,1GB RAM,8GB built-in,1.2 GHz Quad-core Cortex-A7,Microsoft Windows Phone 8.1,Discontinued
Microsoft Lumia 535 Dual Sim Price & Specs,1GB RAM,8GB built-in,1.2 GHz Quad-core Cortex-A7,Microsoft Windows Phone 8.1,Discontinued
Microsoft Lumia 435 Price & Specs,1GB RAM,8GB built-in,1.2GHz Dual-Core Cortex-A7/b>,Microsoft Windows Phone 8.1,Discontinued
Microsoft Lumia 435 Dual Sim Price & Specs,1GB RAM,4GB built-in,1.2GHz Dual-Core Cortex-A7,Microsoft Windows Phone 8.1,Discontinued
Microsoft Lumia 532 Price & Specs,1GB RAM,8GB built-in,1.2 GHz Quad-Core Cortex-A7,Microsoft Windows Phone 8.1,Discontinued
Microsoft Lumia 640 Dual SIM Price & Specs,1GB RAM,8GB built-in,1.2 GHz Quad-Core Cortex-A7,Microsoft Windows Phone 8.1 with Lumia Denim,Discontinued
Microsoft Lumia 640 XL Price & Specs,1GB RAM,8GB built-in,1.2 GHz Quad-Core Cortex-A7,Microsoft Windows Phone 8.1 with Lumia Denim,Discontinued
Microsoft Lumia 540 Price & Specs,1GB RAM,8GB built-in,1.2 GHz Quad-Core Cortex-A7,Microsoft Windows Phone 8.1 with Lumia Denim,Discontinued
Microsoft Lumia 940 XL Price & Specs,3GB RAM,32GB built-in,"1.5 GHz Quad-Core Cortex-A53, 2 GHz Quad-Core Cortex-A57",Microsoft Windows 10,Discontinued
Microsoft Lumia 940 Price & Specs,3GB RAM,32GB built-in,"1.82 GHz Dual-Core Cortex-A57, 1.44 GHz Quad-Core Cortex-A53",Microsoft Windows 10,Discontinued
Microsoft Lumia 950 Price & Specs,3GB RAM,32GB built-in,"1.82 GHz Dual-Core Cortex-A57, 1.44 GHz Quad-Core Cortex-A53",Microsoft Windows 10,Discontinued
Microsoft Lumia 950 XL Price & Specs,3GB RAM,32GB built-in,"1.5 GHz Quad-Core Cortex-A53, 2 GHz Quad-Core Cortex-A57",Microsoft Windows 10,Discontinued
Microsoft Lumia 550 Price & Specs,1GB RAM,8GB built-in,1.1 GHz Octa-Core Cortex-A7,Microsoft Windows 10,Discontinued
Microsoft Lumia 850 Price & Specs,autofocus,10 MP,"IPS LCD capacitive touchscreen, 16M colors, Multitouch",Microsoft Windows 10,Discontinued
Microsoft Lumia 650 Price & Specs,2GB RAM,16GB built-in,1.8 GHZ Quad-Core,Microsoft Windows 10,Discontinued
Motorola Moto Z Play,3GB RAM,32GB built-in,2.0 GHZ Octa-Core Cortex A53,"Android 6.0.1 (Marshmallow), 7.1.1 (Nougat), planned upgrade to Android 8.0 (Oreo)","43,900"
Motorola Moto G6 Plus,4/6GB RAM,64/128GB Built-in,2.2 Ghz Octa Core Cortex-A53,Android v7.1.1 Nougat,"42,000"
Motorola Moto X Style,3GB RAM,16/32/64GB built-in,"1.8 GHz Dual-Core Cortex-A57, 1.44 GHz Quad-Core Cortex-A53","Android OS, v5.1.1 (Lollipop), planned upgrade to v6.0 (Marshmallow)","37,500"
Motorola Moto G6,3/4GB RAM,32/64GB Built-in,1.8 Ghz Octa Core Cortex-A53,Android v7.1.1 Nougat,"36,499"
Motorola Moto G5S Plus,autofocus,Dual13 MP,"IPS LCD capacitive Touchscreen, 16M Colors",Android v7.1 Nougat,"28,000"
Motorola Moto E5 Plus,3/2GB RAM,32GB/16 Built-in,Quad Core 1.4GHz Cortex A53,Android v8.0 Oreo,"27,000"
Motorola Moto M,3GB RAM,32GB built-in,1.95 GHz Octa-Core Cortex-A53,"Android OS, v6.0.1 (Marshmallow)","25,400"
Motorola Moto E5,2GB RAM,16GB Built-in,1.4 Ghz Quad Core Cortex-A53,Android V8.0 Oreo,"22,500"
Motorola Moto E4 Plus,3GB RAM,16/32GB Built-in,1.3 Ghz Quad Core,Android v7.0 Nougat,"19,999"
Motorola Moto E4,2GB RAM,16GB Built-in,1.3 Ghz Quad Core Cortex-A53,Android v7.0 Nougat,"14,999"
Motorola Moto C Plus,2GB RAM,16GB Built-in,1.3 Ghz Quad Core Cortex-A53,Android v7.0 Nougat,"13,999"
Motorola Moto X Force Price & Specs,3GB RAM,32/64GB built-in,"1.5 GHz Quad-Core Cortex-A53, 2 GHz Quad-Core Cortex-A57","Android OS, v5.1.1 (Lollipop) upgradable to V6.0 ((Marshmallow)",N/A
Motorola Moto E3 Power Price & Specs,2GB RAM,16GB built-in,1.0 GHz Quad-Core Cortex-A53,"Android OS, v6.0.1 (Marshmallow)",N/A
Motorola Moto G5 Plus Price & Specs,2GB RAM,64GB built-in,2.0 GHZ octa-core Cortex-A53,"Android OS, v7.0 (Nougat)",N/A
Motorola One action Price & Specs,3GB RAM or 64/128GB Built-in,32GB Built-in,2.2 Ghz Octa Core,Android 9.0 (Pie); Android One,Coming Soon
Motorola Moto G4 Play Price & Specs,1/2GB RAM,8/16GB built-in,1.2 GHz Quad-Core Cortex-A53,"Android OS, v6.0.1 (Marshmallow)",Coming Soon
Motorola One Pro Price & Specs,8GB RAM,128GB Built-in,Octa-core (1 x 2.8 GHz Kryo 485 + 3 x 2.4 GHz Kryo 485 + 4 x 1.7 GHz Kryo 485),Android 9.0 (Pie),Coming Soon
Motorola Moto Z2 Play Price & Specs,4GB RAM,64GB Built-in,2.2 Ghz Octa Core,Android v7.0 Nougat,Coming Soon
Motorola Moto Z2 Force Price & Specs,4/6GB RAM,64/128GB Built-in,Octa-core (4 x 2.35 GHz Kryo + 4 x 1.9 GHz Kryo),Android v7.0 Nougat,Coming Soon
Motorola Moto G5S Price & Specs,3/4GB RAM,32/64GB Built-in,1.4 Ghz Octa Core Cortex-A53,Android v7.0 Nougat,Coming Soon
